종목코드,종목명,시장구분,업종명,종가,대비,등락률,시가총액
"060310","3S","KOSDAQ","의료·정밀기기","1246","-7","-0.56","66111563840"
"054620","APS","KOSDAQ","금융","9180","350","3.96","168858948780"
"265520","AP시스템","KOSDAQ","기계·장비","22850","-950","-3.99","343911259850"
"211270","AP위성","KOSDAQ","전기·전자","16250","-530","-3.16","245087440000"
"139050","BF랩스","KOSDAQ","IT 서비스","2805","0","0.00","24247965555"
"126600","BGF에코머티리얼즈","KOSDAQ","화학","3470","-100","-2.80","217801139530"
"083790","CG인바이츠","KOSDAQ","일반서비스","1519","-11","-0.72","116802262458"
"035760","CJ ENM","KOSDAQ","오락·문화","61600","-2400","-3.75","1350835886400"
"311690","CJ 바이오사이언스","KOSDAQ","일반서비스","8090","40","0.50","105699587580"
"051500","CJ프레시웨이","KOSDAQ","유통","30700","-800","-2.54","364457690200"
"058820","CMG제약","KOSDAQ","제약","1716","5","0.29","253697186028"
"056730","CNT85","KOSDAQ","건설","460","1","0.22","34091145560"
"065770","CS","KOSDAQ","전기·전자","744","8","1.09","14441880720"
"083660","CSA 코스믹","KOSDAQ","화학","284","6","2.16","17843566356"
"477760","DB금융스팩12호","KOSDAQ","금융","2230","0","0.00","13023200000"
"099520","DGI","KOSDAQ","전기·전자","1284","0","0.00","58141862016"
"290120","DH오토리드","KOSDAQ","운송장비·부품","2720","-20","-0.73","43041957280"
"025440","DH오토웨어","KOSDAQ","전기·전자","890","-10","-1.11","43415289360"
"068790","DMS","KOSDAQ","기계·장비","7820","-230","-2.86","176499151680"
"241520","DSC인베스트먼트","KOSDAQ","금융","13970","-1030","-6.87","377190000000"
"180400","DXVX","KOSDAQ","일반서비스","4420","-70","-1.56","435058089440"
"418620","E8","KOSDAQ","IT 서비스","1296","-27","-2.04","25726218192"
"245620","EDGC","KOSDAQ","일반서비스","415","0","0.00","57474989665"
"037370","EG","KOSDAQ","화학","5080","-80","-1.55","43814857760"
"050120","ES큐브","KOSDAQ","유통","2270","-30","-1.30","30790475220"
"214270","FSN","KOSDAQ","IT 서비스","2665","465","21.14","116436405735"
"130500","GH신소재","KOSDAQ","섬유·의류","2455","-35","-1.41","35708102660"
"900290","GRT","KOSDAQ","금융","6010","10","0.17","485908500000"
"083450","GST","KOSDAQ","기계·장비","30000","-950","-3.07","552900000000"
"297890","HB솔루션","KOSDAQ","기계·장비","2005","-65","-3.14","146647532570"
"440290","HB인베스트먼트","KOSDAQ","금융","2125","0","0.00","58451163750"
"078150","HB테크놀러지","KOSDAQ","기계·장비","2200","-30","-1.35","203975015200"
"225530","HC보광산업","KOSDAQ","비금속","2750","50","1.85","99931499250"
"060560","HC홈센타","KOSDAQ","유통","669","9","1.36","84922865352"
"376270","HEM파마","KOSDAQ","일반서비스","70000","-2200","-3.05","502720890000"
"195940","HK이노엔","KOSDAQ","제약","51400","-1500","-2.84","1456156397400"
"028300","HLB","KOSDAQ","제약","50400","-900","-1.75","6709122201600"
"278650","HLB바이오스텝","KOSDAQ","일반서비스","1276","20","1.59","111019067764"
"067630","HLB생명과학","KOSDAQ","제약","3925","-10","-0.25","478524452650"
"024850","HLB이노베이션","KOSDAQ","전기·전자","5050","250","5.21","747630694100"
"187420","HLB제넥스","KOSDAQ","제약","2745","0","0.00","80328947085"
"047920","HLB제약","KOSDAQ","일반서비스","15700","-200","-1.26","514949889200"
"115450","HLB테라퓨틱스","KOSDAQ","유통","3155","25","0.80","266226039765"
"046210","HLB파나진","KOSDAQ","제약","2585","45","1.77","117541640590"
"196300","HLB펩","KOSDAQ","제약","7570","410","5.73","70351022860"
"403870","HPSP","KOSDAQ","기계·장비","51700","1700","3.40","4254910000000"
"036640","HRS","KOSDAQ","화학","5020","-90","-1.76","82101096000"
"467930","IBKS제23호스팩","KOSDAQ","금융","2145","-10","-0.46","9073350000"
"469480","IBKS제24호스팩","KOSDAQ","금융","2150","-15","-0.69","9094500000"
"0099X0","IBKS제25호스팩","KOSDAQ","금융","2150","-5","-0.23","12857000000"
"095340","ISC","KOSDAQ","유통","244500","14500","6.30","5182680681000"
"950170","JTC","KOSDAQ","유통","5110","-40","-0.78","264423838280"
"067290","JW신약","KOSDAQ","제약","1923","-75","-3.75","107759349069"
"035900","JYP Ent.","KOSDAQ","오락·문화","66900","200","0.30","2377123714800"
"318000","KBG","KOSDAQ","화학","4090","-85","-2.04","35747512070"
"024840","KBI메탈","KOSDAQ","금속","2145","-80","-3.60","74880231855"
"024120","KB오토시스","KOSDAQ","운송장비·부품","3595","-25","-0.69","41342500000"
"464680","KB제27호스팩","KOSDAQ","금융","2080","-5","-0.24","26842400000"
"478390","KB제29호스팩","KOSDAQ","금융","2075","-5","-0.24","12906500000"
"486630","KB제30호스팩","KOSDAQ","금융","2075","-10","-0.48","11018250000"
"492220","KB제31호스팩","KOSDAQ","금융","2055","-5","-0.24","12761550000"
"0037T0","KB제32호스팩","KOSDAQ","금융","2035","0","0.00","12881550000"
"0072Z0","KB제33호스팩","KOSDAQ","금융","2010","0","0.00","15848850000"
"021320","KCC건설","KOSDAQ","건설","6690","-10","-0.15","143166000000"
"044180","KD","KOSDAQ","건설","263","-46","-14.89","7026781137"
"046440","KG모빌리언스","KOSDAQ","IT 서비스","4875","-120","-2.40","185302659750"
"151860","KG에코솔루션","KOSDAQ","운송장비·부품","6090","-190","-3.03","289902282180"
"035600","KG이니시스","KOSDAQ","IT 서비스","10420","-130","-1.23","287117202280"
"060720","KH바텍","KOSDAQ","전기·전자","14780","-280","-1.86","349952592760"
"058400","KNN","KOSDAQ","오락·문화","740","-3","-0.40","97997992800"
"101000","KS인더스트리","KOSDAQ","기계·장비","1056","37","3.63","41861897088"
"089600","KT나스미디어","KOSDAQ","일반서비스","11700","-210","-1.76","135347507100"
"418470","KT밀리의서재","KOSDAQ","IT 서비스","13350","-60","-0.45","114353283150"
"043610","KT지니뮤직","KOSDAQ","오락·문화","1724","-5","-0.29","100191015112"
"122450","KX","KOSDAQ","오락·문화","3215","-50","-1.53","144095766310"
"052900","KX하이텍","KOSDAQ","화학","1177","-6","-0.51","76945734712"
"036560","KZ정밀","KOSDAQ","기계·장비","13140","-90","-0.68","206955000000"
"061970","LB세미콘","KOSDAQ","전기·전자","4740","-160","-3.27","275313448440"
"309960","LB인베스트먼트","KOSDAQ","금융","5500","-210","-3.68","127694814500"
"225190","LK삼양","KOSDAQ","의료·정밀기기","2190","-130","-5.60","154325883600"
"060370","LS마린솔루션","KOSDAQ","건설","31350","400","1.29","1637688072900"
"417200","LS머트리얼즈","KOSDAQ","전기·전자","23750","800","3.49","1606750651250"
"078020","LS증권","KOSDAQ","금융","8000","-60","-0.74","443849520000"
"322180","LS티라유텍","KOSDAQ","IT 서비스","8140","-240","-2.86","170304949760"
"476080","M83","KOSDAQ","오락·문화","6540","-200","-2.97","52797420000"
"086960","MDS테크","KOSDAQ","IT 서비스","1204","2","0.17","123641673680"
"160550","NEW","KOSDAQ","오락·문화","1767","-18","-1.01","49310089302"
"053290","NE능률","KOSDAQ","오락·문화","2010","-5","-0.25","33217877070"
"060250","NHN KCP","KOSDAQ","금융","19420","-560","-2.80","779919065620"
"104200","NHN벅스","KOSDAQ","IT 서비스","5860","470","8.72","86889443000"
"063570","NICE인프라","KOSDAQ","일반서비스","4150","15","0.36","141713071200"
"222160","NPX","KOSDAQ","기계·장비","8040","0","0.00","79551289560"
"024940","PN풍년","KOSDAQ","유통","4500","15","0.33","45000000000"
"332570","PS일렉트로닉스","KOSDAQ","전기·전자","5110","-220","-4.13","241524231760"
"218410","RFHIC","KOSDAQ","전기·전자","78700","400","0.51","2089755885400"
"327260","RF머트리얼즈","KOSDAQ","전기·전자","60500","4800","8.62","510688667500"
"474610","RF시스템즈","KOSDAQ","금속","10000","-20","-0.20","143076480000"
"091340","S&K폴리텍","KOSDAQ","전기·전자","2195","-30","-1.35","25689667595"
"419530","SAMG엔터","KOSDAQ","오락·문화","34450","-750","-2.13","344219749250"
"019550","SBI인베스트먼트","KOSDAQ","금융","652","-18","-2.69","105667406900"
"246960","SCL사이언스","KOSDAQ","제약","2040","-20","-0.97","69394775880"
"099220","SDN","KOSDAQ","유통","1286","30","2.39","83518434100"
"036540","SFA반도체","KOSDAQ","전기·전자","7070","-240","-3.28","1162734342210"
"255220","SG","KOSDAQ","비금속","2720","-70","-2.51","293983477920"
"040610","SG&G","KOSDAQ","운송장비·부품","2040","30","1.49","69537879840"
"184230","SGA솔루션즈","KOSDAQ","IT 서비스","560","0","0.00","49715116080"
"016250","SGC E&C","KOSDAQ","건설","16800","-280","-1.64","84621364800"
"357880","SKAI","KOSDAQ","IT 서비스","5010","70","1.42","250279605090"
"048550","SM C&C","KOSDAQ","일반서비스","1142","-1","-0.09","110448096040"
"063440","SM Life Design","KOSDAQ","출판·매체복제","1419","-23","-1.60","65315369526"
"067160","SOOP","KOSDAQ","IT 서비스","62600","-1300","-2.03","719572414200"
"289080","SV인베스트먼트","KOSDAQ","금융","3405","-175","-4.89","184947076410"
"013720","THE CUBE&","KOSDAQ","운송장비·부품","852","-5","-0.58","51825577836"
"089230","THE E&M","KOSDAQ","IT 서비스","2835","0","0.00","92508845310"
"032540","TJ미디어","KOSDAQ","전기·전자","6170","80","1.31","85958027530"
"048770","TPC","KOSDAQ","기계·장비","3035","-65","-2.10","47643402685"
"246690","TS인베스트먼트","KOSDAQ","금융","1727","-73","-4.06","77147879105"
"317240","TS트릴리온","KOSDAQ","화학","315","-4","-1.25","44474447430"
"057030","YBM넷","KOSDAQ","일반서비스","2660","0","0.00","43391774020"
"040300","YTN","KOSDAQ","오락·문화","3220","-30","-0.92","153519875600"
"051390","YW","KOSDAQ","유통","4200","-40","-0.94","47692545600"
"052220","iMBC","KOSDAQ","오락·문화","3060","-80","-2.55","70380000000"
"079940","가비아","KOSDAQ","IT 서비스","25850","-1550","-5.66","346924681400"
"078890","가온그룹","KOSDAQ","전기·전자","6270","-120","-1.88","115524392610"
"399720","가온칩스","KOSDAQ","전기·전자","65400","-500","-0.76","758667468000"
"036620","감성코퍼레이션","KOSDAQ","유통","5480","-120","-2.14","495960665080"
"198440","강동씨앤엘","KOSDAQ","비금속","1052","-3","-0.28","64100354592"
"217730","강스템바이오텍","KOSDAQ","제약","2650","-15","-0.56","249243494850"
"114190","강원에너지","KOSDAQ","전기·전자","12900","-500","-3.73","336987190200"
"094480","갤럭시아머니트리","KOSDAQ","IT 서비스","8740","-230","-2.56","342868784120"
"039240","경남스틸","KOSDAQ","금속","2500","20","0.81","67449010000"
"053950","경남제약","KOSDAQ","제약","815","-2","-0.24","63690096770"
"011040","경동제약","KOSDAQ","제약","5440","-30","-0.55","167382087040"
"024910","경창산업","KOSDAQ","운송장비·부품","1805","-35","-1.90","64653304025"
"049720","고려신용정보","KOSDAQ","일반서비스","10340","-80","-0.77","147862000000"
"014570","고려제약","KOSDAQ","제약","3970","-5","-0.13","43670000000"
"348150","고바이오랩","KOSDAQ","일반서비스","4610","-15","-0.32","89521078290"
"950190","고스트스튜디오","KOSDAQ","IT 서비스","8120","10","0.12","105698519080"
"098460","고영","KOSDAQ","기계·장비","29700","-450","-1.49","2039046223500"
"035290","골드앤에스","KOSDAQ","오락·문화","570","-7","-1.21","13587796800"
"215000","골프존","KOSDAQ","IT 서비스","48200","-850","-1.73","302475003000"
"121440","골프존홀딩스","KOSDAQ","유통","4800","0","0.00","205616726400"
"366030","공구우먼","KOSDAQ","섬유·의류","5680","50","0.89","128673868000"
"029480","광무","KOSDAQ","전기·전자","2265","5","0.22","140157891960"
"026910","광진실업","KOSDAQ","금속","1828","-86","-4.49","11709080340"
"465320","교보15호스팩","KOSDAQ","금융","2335","0","0.00","8896350000"
"482520","교보16호스팩","KOSDAQ","금융","2095","0","0.00","12779500000"
"489210","교보17호스팩","KOSDAQ","금융","2115","-15","-0.70","10955700000"
"0041B0","교보18호스팩","KOSDAQ","금융","2085","-5","-0.24","10508400000"
"0098T0","교보19호스팩","KOSDAQ","금융","2065","-5","-0.24","11151000000"
"053270","구영테크","KOSDAQ","운송장비·부품","2255","-50","-2.17","61810463275"
"066620","국보디자인","KOSDAQ","건설","23300","250","1.08","174750000000"
"043650","국순당","KOSDAQ","음식료·담배","4120","-5","-0.12","73576212480"
"006050","국영지앤엠","KOSDAQ","비금속","1327","15","1.14","46305987461"
"060480","국일신동","KOSDAQ","금속","1520","-1","-0.07","16856800000"
"078130","국일제지","KOSDAQ","종이·목재","303","-9","-2.88","341603978913"
"307750","국전약품","KOSDAQ","제약","5020","-160","-3.09","251885427600"
"035080","그래디언트","KOSDAQ","유통","12970","-180","-1.37","177385476060"
"318060","그래피","KOSDAQ","화학","46200","-2750","-5.62","514103297400"
"453450","그리드위즈","KOSDAQ","일반서비스","22100","2810","14.57","175534775000"
"204020","그리티","KOSDAQ","섬유·의류","2005","-55","-2.67","38998918160"
"0015G0","그린광학","KOSDAQ","의료·정밀기기","34050","-2200","-6.07","398471521050"
"402490","그린리소스","KOSDAQ","전기·전자","15490","-280","-1.78","256599409120"
"114450","그린생명과학","KOSDAQ","제약","2720","-40","-1.45","54400000000"
"186230","그린플러스","KOSDAQ","금속","4480","-125","-2.71","48922442240"
"900070","글로벌에스엠","KOSDAQ","금융","547","13","2.43","29397950496"
"204620","글로벌텍스프리","KOSDAQ","금융","4460","60","1.36","313463651800"
"019660","글로본","KOSDAQ","유통","2690","50","1.89","37510255770"
"053260","금강철강","KOSDAQ","금속","4390","40","0.92","82180800000"
"282720","금양그린파워","KOSDAQ","건설","16300","360","2.26","197547850000"
"036190","금화피에스시","KOSDAQ","건설","36000","1600","4.65","216000000000"
"049080","기가레인","KOSDAQ","전기·전자","518","22","4.44","43969573746"
"420770","기가비스","KOSDAQ","기계·장비","78400","1100","1.42","993779427200"
"035460","기산텔레콤","KOSDAQ","전기·전자","2550","-35","-1.35","37172217000"
"407400","꿈비","KOSDAQ","기타제조","4100","-105","-2.50","60001589400"
"187790","나노","KOSDAQ","화학","4190","-150","-3.46","129223077700"
"121600","나노신소재","KOSDAQ","화학","60600","-2700","-4.27","739998174600"
"286750","나노실리칸첨단소재","KOSDAQ","화학","1572","-51","-3.14","50349363204"
"247660","나노씨엠에스","KOSDAQ","전기·전자","4040","140","3.59","17549436800"
"039860","나노엔텍","KOSDAQ","의료·정밀기기","5960","-100","-1.65","227034595880"
"091970","나노캠텍","KOSDAQ","화학","700","10","1.45","26371732100"
"417010","나노팀","KOSDAQ","기계·장비","10890","-280","-2.51","219681007920"
"405920","나라셀라","KOSDAQ","유통","2550","20","0.79","32839093800"
"478340","나라스페이스테크놀로지","KOSDAQ","운송장비·부품","42600","-1300","-2.96","491330976600"
"051490","나라엠앤디","KOSDAQ","기계·장비","3555","-65","-1.80","50481000000"
"137080","나래나노텍","KOSDAQ","기계·장비","4660","180","4.02","51536906520"
"190510","나무가","KOSDAQ","전기·전자","18370","-650","-3.42","258747273290"
"242040","나무기술","KOSDAQ","IT 서비스","7210","80","1.12","249511163440"
"293580","나우IB","KOSDAQ","금융","1819","-41","-2.20","172677579050"
"459510","나우로보틱스","KOSDAQ","기계·장비","22250","-1000","-4.30","288568749500"
"138610","나이벡","KOSDAQ","제약","29600","-750","-2.47","336430758400"
"130580","나이스디앤비","KOSDAQ","일반서비스","5720","0","0.00","88088000000"
"036800","나이스정보통신","KOSDAQ","통신","26650","50","0.19","266500000000"
"267320","나인테크","KOSDAQ","기계·장비","3105","-130","-4.02","178274490975"
"111710","남화산업","KOSDAQ","오락·문화","3985","0","0.00","82043180000"
"091590","남화토건","KOSDAQ","건설","3755","100","2.74","44083700000"
"168330","내츄럴엔도텍","KOSDAQ","일반서비스","2130","35","1.67","67637937000"
"094860","네오리진","KOSDAQ","IT 서비스","1382","28","2.07","34702039348"
"253590","네오셈","KOSDAQ","기계·장비","18750","-1130","-5.68","822546825000"
"212560","네오오토","KOSDAQ","운송장비·부품","8040","-50","-0.62","94970417640"
"095660","네오위즈","KOSDAQ","IT 서비스","25250","-2250","-8.18","551884604000"
"042420","네오위즈홀딩스","KOSDAQ","IT 서비스","24300","-450","-1.82","203300676900"
"950220","네오이뮨텍","KOSDAQ","일반서비스","523","-19","-3.51","87674885815"
"311390","네오크레마","KOSDAQ","음식료·담배","4455","-130","-2.84","56372629995"
"085910","네오티스","KOSDAQ","운송장비·부품","18680","-970","-4.94","260302400240"
"092730","네오팜","KOSDAQ","화학","17650","-480","-2.65","282894005850"
"290660","네오펙트","KOSDAQ","의료·정밀기기","1144","-46","-3.87","89062504960"
"153460","네이블","KOSDAQ","IT 서비스","6450","-170","-2.57","42118590300"
"007390","네이처셀","KOSDAQ","제약","17720","-720","-3.90","1141789192320"
"033640","네패스","KOSDAQ","전기·전자","17980","-150","-0.83","414604451960"
"330860","네패스아크","KOSDAQ","일반서비스","19250","180","0.94","234542866250"
"351320","넥사다이내믹스","KOSDAQ","기계·장비","1260","11","0.88","37420288920"
"089140","넥스턴앤롤코리아","KOSDAQ","기계·장비","2195","-45","-2.01","33619133630"
"389650","넥스트바이오메디컬","KOSDAQ","의료·정밀기기","76000","400","0.53","623495336000"
"137940","넥스트아이","KOSDAQ","의료·정밀기기","200","-7","-3.38","17073798400"
"396270","넥스트칩","KOSDAQ","전기·전자","3600","75","2.13","118394751600"
"348210","넥스틴","KOSDAQ","기계·장비","80000","-800","-0.99","838160400000"
"225570","넥슨게임즈","KOSDAQ","IT 서비스","10920","-150","-1.36","719193100080"
"205500","넥써쓰","KOSDAQ","IT 서비스","1570","-29","-1.81","100655995430"
"217270","넵튠","KOSDAQ","IT 서비스","4235","-125","-2.87","197925448105"
"104620","노랑풍선","KOSDAQ","일반서비스","4490","-105","-2.29","75479378480"
"473980","노머스","KOSDAQ","오락·문화","17860","-580","-3.15","197483770920"
"194700","노바렉스","KOSDAQ","음식료·담배","13430","-150","-1.10","251877608640"
"285490","노바텍","KOSDAQ","기타제조","22500","-1050","-4.46","237956197500"
"145170","노브랜드","KOSDAQ","섬유·의류","3785","-20","-0.53","63998312925"
"106520","노블엠앤비","KOSDAQ","의료·정밀기기","411","0","0.00","15904036272"
"376930","노을","KOSDAQ","의료·정밀기기","1589","-37","-2.28","81501912247"
"486990","노타","KOSDAQ","IT 서비스","44850","-200","-0.44","957378415500"
"142280","녹십자엠에스","KOSDAQ","제약","3585","-105","-2.85","77944804710"
"234690","녹십자웰빙","KOSDAQ","제약","10280","380","3.84","182493397280"
"054050","농우바이오","KOSDAQ","농업, 임업 및 어업","8160","-50","-0.61","130809377760"
"069140","누리플랜","KOSDAQ","금속","2240","130","6.16","33814600960"
"040160","누리플렉스","KOSDAQ","IT 서비스","10500","300","2.94","126583117500"
"332290","누보","KOSDAQ","화학","1325","54","4.25","52873335300"
"348340","뉴로메카","KOSDAQ","기계·장비","69700","-2100","-2.92","861641924700"
"380550","뉴로핏","KOSDAQ","IT 서비스","22950","-1450","-5.94","277507613250"
"060260","뉴보텍","KOSDAQ","화학","1114","19","1.74","15052378026"
"463020","뉴엔AI","KOSDAQ","IT 서비스","13000","-590","-4.34","115429600000"
"123840","뉴온","KOSDAQ","음식료·담배","600","-27","-4.31","38192584200"
"012340","뉴인텍","KOSDAQ","운송장비·부품","331","-14","-4.06","18702017022"
"462310","뉴키즈온","KOSDAQ","섬유·의류","4150","355","9.35","33968252150"
"270870","뉴트리","KOSDAQ","음식료·담배","4245","-55","-1.28","39054950880"
"144960","뉴파워프라즈마","KOSDAQ","기계·장비","5650","-100","-1.74","246863325600"
"085670","뉴프렉스","KOSDAQ","전기·전자","5350","-150","-2.73","130811571350"
"064260","다날","KOSDAQ","IT 서비스","7110","-280","-3.79","537839199270"
"340360","다보링크","KOSDAQ","전기·전자","2155","220","11.37","109932818895"
"039560","다산네트웍스","KOSDAQ","전기·전자","4325","115","2.73","171330467825"
"208860","다산디엠씨","KOSDAQ","IT 서비스","1426","-11","-0.77","48412661498"
"154040","다산솔루에타","KOSDAQ","전기·전자","1073","19","1.80","19260450862"
"032190","다우데이타","KOSDAQ","유통","23800","-1050","-4.23","911540000000"
"323350","다원넥스뷰","KOSDAQ","기계·장비","11020","-530","-4.59","88278707440"
"068240","다원시스","KOSDAQ","전기·전자","2530","0","0.00","96553495610"
"464580","닷밀","KOSDAQ","오락·문화","2150","-25","-1.15","39573091350"
"020400","대동금속","KOSDAQ","금속","6430","-170","-2.58","20506337380"
"008830","대동기어","KOSDAQ","기계·장비","20300","-450","-2.17","182446656000"
"048470","대동스틸","KOSDAQ","유통","3215","0","0.00","31024750000"
"004780","대륙제관","KOSDAQ","금속","3785","-20","-0.53","60193608215"
"017650","대림제지","KOSDAQ","종이·목재","8700","-130","-1.47","76429500000"
"389260","대명에너지","KOSDAQ","건설","20700","400","1.97","370867927500"
"317850","대모","KOSDAQ","기계·장비","8320","-180","-2.12","69259174400"
"290670","대보마그네틱","KOSDAQ","전기·전자","11130","-440","-3.80","87455755800"
"078140","대봉엘에스","KOSDAQ","제약","10130","-230","-2.22","112307045270"
"065150","대산F&B","KOSDAQ","유통","145","0","0.00","23110448725"
"036480","대성미생물","KOSDAQ","제약","9190","-70","-0.76","34922000000"
"027830","대성창투","KOSDAQ","금융","1476","-39","-2.57","79704000000"
"104040","대성파인텍","KOSDAQ","운송장비·부품","653","-4","-0.61","87546290378"
"129920","대성하이텍","KOSDAQ","기계·장비","10750","250","2.38","147436819750"
"457630","대신밸런스제16호스팩","KOSDAQ","금융","2097","-3","-0.14","15329070000"
"471050","대신밸런스제17호스팩","KOSDAQ","금융","2125","-10","-0.47","12877500000"
"482690","대신밸런스제19호스팩","KOSDAQ","금융","2155","-10","-0.46","12100325000"
"020180","대신정보통신","KOSDAQ","IT 서비스","1034","-7","-0.67","39735498110"
"045390","대아티아이","KOSDAQ","전기·전자","4125","-180","-4.18","290702680125"
"108380","대양전기공업","KOSDAQ","운송장비·부품","27300","-850","-3.02","261188190900"
"007680","대원","KOSDAQ","건설","4165","10","0.24","56004564210"
"048910","대원미디어","KOSDAQ","유통","8170","-150","-1.80","102769988820"
"005710","대원산업","KOSDAQ","운송장비·부품","12990","-230","-1.74","260288424000"
"120240","대정화금","KOSDAQ","화학","13600","-70","-0.51","97789317600"
"003310","대주산업","KOSDAQ","음식료·담배","3920","-55","-1.38","138738012000"
"078600","대주전자재료","KOSDAQ","전기·전자","119700","1200","1.01","1853026982100"
"393970","대진첨단소재","KOSDAQ","화학","2825","0","0.00","50428566500"
"096350","대창솔루션","KOSDAQ","금속","3640","595","19.54","134151333680"
"140520","대창스틸","KOSDAQ","금속","2055","5","0.24","43379494365"
"131220","대한과학","KOSDAQ","유통","4645","-45","-0.96","34626106050"
"010170","대한광통신","KOSDAQ","전기·전자","7390","360","5.12","1149039027400"
"054670","대한뉴팜","KOSDAQ","제약","6980","80","1.16","100197341600"
"023910","대한약품","KOSDAQ","제약","28700","-550","-1.88","172200000000"
"021040","대호특수강","KOSDAQ","금속","1196","-11","-0.91","25958909704"
"021045","대호특수강우","KOSDAQ","금속","2640","-5","-0.19","2240018880"
"067080","대화제약","KOSDAQ","제약","14690","-440","-2.91","273478588500"
"298540","더네이쳐홀딩스","KOSDAQ","섬유·의류","7440","-130","-1.72","107778711840"
"032860","더라미","KOSDAQ","일반서비스","1235","-6","-0.48","49888890805"
"393890","더블유씨피","KOSDAQ","전기·전자","15100","290","1.96","511031474400"
"299170","더블유에스아이","KOSDAQ","유통","2595","-155","-5.64","107721792360"
"462860","더즌","KOSDAQ","통신","3645","-110","-2.93","261870326595"
"224060","더코디","KOSDAQ","기계·장비","5650","250","4.63","29158079300"
"043090","더테크놀로지","KOSDAQ","유통","380","0","0.00","4718944500"
"403850","더핑크퐁컴퍼니","KOSDAQ","오락·문화","17740","-750","-4.06","254586917400"
"213420","덕산네오룩스","KOSDAQ","전기·전자","44500","-2350","-5.02","1104987465500"
"317330","덕산테코피아","KOSDAQ","화학","15920","-470","-2.87","325987217280"
"077360","덕산하이메탈","KOSDAQ","전기·전자","12330","-390","-3.07","560238234660"
"090410","덕신이피씨","KOSDAQ","금속","1198","-36","-2.92","55208745810"
"0001A0","덕양에너젠","KOSDAQ","전기·가스·수도","18200","-660","-3.50","451199749000"
"263600","덕우전자","KOSDAQ","전기·전자","5140","-170","-3.20","81881793400"
"194480","데브시스터즈","KOSDAQ","IT 서비스","40500","-1750","-4.14","491230575000"
"373160","데이원컴퍼니","KOSDAQ","일반서비스","4535","110","2.49","62606668165"
"263800","데이타솔루션","KOSDAQ","유통","4525","-100","-2.16","73419844500"
"206560","덱스터","KOSDAQ","오락·문화","3090","-100","-3.13","78522264240"
"261200","덴티스","KOSDAQ","의료·정밀기기","3930","-75","-1.87","62132121000"
"484120","도우인시스","KOSDAQ","전기·전자","21750","-1050","-4.61","238323928500"
"067990","도이치모터스","KOSDAQ","유통","4295","-25","-0.58","125334757250"
"006620","동구바이오제약","KOSDAQ","제약","5250","-170","-3.14","149441208000"
"100130","동국S&C","KOSDAQ","금속","2225","-15","-0.67","127143175000"
"005160","동국산업","KOSDAQ","금속","2975","-35","-1.16","161377333950"
"303810","동국생명과학","KOSDAQ","제약","3315","-75","-2.21","106027424100"
"075970","동국알앤에스","KOSDAQ","비금속","2245","0","0.00","41308000000"
"086450","동국제약","KOSDAQ","제약","17900","-410","-2.24","809624518000"
"240550","동방메디컬","KOSDAQ","의료·정밀기기","6740","-220","-3.16","141094755600"
"099410","동방선기","KOSDAQ","운송장비·부품","4850","-140","-2.81","67900000000"
"033500","동성화인텍","KOSDAQ","화학","26250","-800","-2.96","787224217500"
"025950","동신건설","KOSDAQ","건설","15120","-130","-0.85","127008000000"
"088130","동아엘텍","KOSDAQ","기계·장비","8450","-170","-1.97","147750903300"
"041930","동아화성","KOSDAQ","화학","6120","-220","-3.47","96696000000"
"060380","동양에스텍","KOSDAQ","금속","1389","-16","-1.14","27363300000"
"079960","동양이엔피","KOSDAQ","전기·전자","29850","-1150","-3.71","234621000000"
"228340","동양파일","KOSDAQ","비금속","2150","-120","-5.29","43000000000"
"088910","동우팜투테이블","KOSDAQ","음식료·담배","2370","-60","-2.47","61221280680"
"094170","동운아나텍","KOSDAQ","전기·전자","26850","-100","-0.37","561431781600"
"013120","동원개발","KOSDAQ","건설","2910","-15","-0.51","264251571000"
"109860","동일금속","KOSDAQ","금속","7220","-30","-0.41","65702000000"
"032960","동일기연","KOSDAQ","전기·전자","16440","-90","-0.54","57845701800"
"023790","동일스틸럭스","KOSDAQ","금속","915","-3","-0.33","23917749555"
"005290","동진쎄미켐","KOSDAQ","화학","48550","-2650","-5.18","2496173683700"
"025900","동화기업","KOSDAQ","종이·목재","9980","-250","-2.44","504561704300"
"131970","두산테스나","KOSDAQ","일반서비스","91900","4600","5.27","1776173172200"
"073190","듀오백","KOSDAQ","기타제조","1149","-1","-0.09","13751277960"
"176750","듀켐바이오","KOSDAQ","제약","9520","-410","-4.13","270893694400"
"030350","드래곤플라이","KOSDAQ","IT 서비스","973","0","0.00","15171092867"
"203650","드림시큐리티","KOSDAQ","IT 서비스","1576","26","1.68","150717362144"
"223250","드림씨아이에스","KOSDAQ","일반서비스","4980","-210","-4.05","122395900200"
"060570","드림어스컴퍼니","KOSDAQ","오락·문화","1214","-58","-4.56","89959309622"
"362990","드림인사이트","KOSDAQ","일반서비스","1485","-19","-1.26","24948852390"
"016670","디모아","KOSDAQ","유통","4020","5","0.12","30528820680"
"187870","디바이스","KOSDAQ","기계·장비","20700","1130","5.77","145657806300"
"489730","디비금융제13호스팩","KOSDAQ","금융","2100","0","0.00","13297200000"
"0004Y0","디비금융제14호스팩","KOSDAQ","금융","2085","-5","-0.24","11081775000"
"110990","디아이티","KOSDAQ","기계·장비","21750","-900","-3.97","411075000000"
"263690","디알젬","KOSDAQ","의료·정밀기기","5130","-30","-0.58","58100379300"
"214680","디알텍","KOSDAQ","의료·정밀기기","1918","-8","-0.42","160108993408"
"347850","디앤디파마텍","KOSDAQ","일반서비스","78900","-3000","-3.66","3434945427000"
"263720","디앤씨미디어","KOSDAQ","오락·문화","11590","-370","-3.09","143861929690"
"376300","디어유","KOSDAQ","IT 서비스","35750","-1350","-3.64","848648014500"
"109740","디에스케이","KOSDAQ","기계·장비","5680","0","0.00","146035015200"
"031860","디에이치엑스컴퍼니","KOSDAQ","유통","503","116","29.97","9549667769"
"196490","디에이테크놀로지","KOSDAQ","기계·장비","203","0","0.00","36245520080"
"066900","디에이피","KOSDAQ","전기·전자","1637","-28","-1.68","37232751411"
"092070","디엔에프","KOSDAQ","화학","19690","-760","-3.72","227849884020"
"039840","디오","KOSDAQ","의료·정밀기기","15470","-380","-2.40","222382595890"
"219550","디와이디","KOSDAQ","유통","1540","-47","-2.96","58089542280"
"310870","디와이씨","KOSDAQ","운송장비·부품","1588","65","4.27","32851386348"
"104460","디와이피엔에프","KOSDAQ","기계·장비","15340","-190","-1.22","161347669340"
"079810","디이엔티","KOSDAQ","전기·전자","4285","-95","-2.17","92247882790"
"113810","디젠스","KOSDAQ","운송장비·부품","763","14","1.87","24895202913"
"043360","디지아이","KOSDAQ","전기·전자","2390","-40","-1.65","21510000000"
"197140","디지캡","KOSDAQ","IT 서비스","2030","20","1.00","26416702620"
"068930","디지털대성","KOSDAQ","일반서비스","8880","10","0.11","245757036960"
"033130","디지틀조선","KOSDAQ","IT 서비스","2770","-145","-4.97","102809289590"
"105740","디케이락","KOSDAQ","기계·장비","9650","10","0.10","98126150450"
"263020","디케이앤디","KOSDAQ","화학","3075","-50","-1.60","42546148950"
"290550","디케이티","KOSDAQ","전기·전자","19490","600","3.18","389823972700"
"066670","디티씨","KOSDAQ","전기·전자","2755","-25","-0.90","51496234090"
"187220","디티앤씨","KOSDAQ","일반서비스","2930","-40","-1.35","33768053690"
"383930","디티앤씨알오","KOSDAQ","일반서비스","2800","-85","-2.95","35795558400"
"131180","딜리","KOSDAQ","전기·전자","907","1","0.11","26620450000"
"315640","딥노이드","KOSDAQ","IT 서비스","3510","-95","-2.64","103096534320"
"317120","라닉스","KOSDAQ","전기·전자","1884","-51","-2.64","28749840000"
"462510","라메디텍","KOSDAQ","의료·정밀기기","4810","-120","-2.43","42342261650"
"232680","라온로보틱스","KOSDAQ","기계·장비","15880","-40","-0.25","206673991800"
"042510","라온시큐어","KOSDAQ","IT 서비스","8900","-80","-0.89","99726048600"
"418420","라온텍","KOSDAQ","전기·전자","6430","-60","-0.92","195981950440"
"300120","라온피플","KOSDAQ","IT 서비스","1020","-37","-3.50","36067212240"
"171120","라이온켐텍","KOSDAQ","화학","2095","-5","-0.24","75214187200"
"388790","라이콤","KOSDAQ","전기·전자","4605","-365","-7.34","140956273185"
"214260","라파스","KOSDAQ","화학","10260","-60","-0.58","91544470380"
"171010","램테크놀러지","KOSDAQ","화학","3370","-100","-2.88","48186794240"
"084650","랩지노믹스","KOSDAQ","일반서비스","1316","-64","-4.64","97699826840"
"217500","러셀","KOSDAQ","기계·장비","2820","-125","-4.24","89709840000"
"038390","레드캡투어","KOSDAQ","일반서비스","10550","-140","-1.31","176404672100"
"294140","레몬","KOSDAQ","화학","3470","-160","-4.41","77779418460"
"443250","레뷰코퍼레이션","KOSDAQ","일반서비스","10290","90","0.88","114607550400"
"228670","레이","KOSDAQ","의료·정밀기기","5130","-30","-0.58","80038516500"
"228850","레이언스","KOSDAQ","의료·정밀기기","6240","40","0.65","103527927360"
"412350","레이저쎌","KOSDAQ","기계·장비","7100","-560","-7.31","92491501200"
"199550","레이저옵텍","KOSDAQ","의료·정밀기기","6180","-510","-7.62","75802588380"
"281740","레이크머티리얼즈","KOSDAQ","화학","19820","-580","-2.84","1302779461360"
"277810","레인보우로보틱스","KOSDAQ","기계·장비","718000","-22000","-2.97","13929098044000"
"215100","로보로보","KOSDAQ","전기·전자","7460","-330","-4.24","151799466840"
"090360","로보스타","KOSDAQ","기계·장비","65700","-2400","-3.52","640575000000"
"108490","로보티즈","KOSDAQ","기계·장비","267000","4000","1.52","3912278376000"
"900260","로스웰","KOSDAQ","금융","1648","-27","-1.61","75856955488"
"033290","로젠","KOSDAQ","유통","2040","-10","-0.49","114558854040"
"067730","로지시스","KOSDAQ","IT 서비스","2550","125","5.15","24668501100"
"071280","로체시스템즈","KOSDAQ","기계·장비","8380","-340","-3.90","128185533140"
"376900","로킷헬스케어","KOSDAQ","제약","128700","0","0.00","2025575709300"
"214610","롤링스톤","KOSDAQ","의료·정밀기기","2255","-195","-7.96","18904391110"
"328130","루닛","KOSDAQ","IT 서비스","38900","900","2.37","1139167127800"
"038060","루멘스","KOSDAQ","전기·전자","691","-16","-2.26","33239220679"
"474170","루미르","KOSDAQ","운송장비·부품","14980","-560","-3.60","266909086080"
"141080","리가켐바이오","KOSDAQ","일반서비스","199900","-11100","-5.26","7318406566200"
"058470","리노공업","KOSDAQ","전기·전자","117100","500","0.43","8924407635000"
"016100","리더스코스메틱","KOSDAQ","종이·목재","1609","-53","-3.19","30733338446"
"012700","리드코프","KOSDAQ","유통","3535","-25","-0.70","93487087225"
"302550","리메드","KOSDAQ","의료·정밀기기","3255","70","2.20","102517943640"
"491000","리브스메드","KOSDAQ","의료·정밀기기","81700","-3600","-4.22","2038692044700"
"073570","리튬포어스","KOSDAQ","기타제조","567","-8","-1.39","34125825447"
"377450","리파인","KOSDAQ","IT 서비스","11950","-130","-1.08","207093500000"
"277070","린드먼아시아","KOSDAQ","금융","4030","-105","-2.54","55178760000"
"042500","링네트","KOSDAQ","IT 서비스","3780","-20","-0.53","84260524320"
"193250","링크드","KOSDAQ","전기·전자","390","-1","-0.26","25191041070"
"474650","링크솔루션","KOSDAQ","기계·장비","61800","-4000","-6.08","353144172600"
"219420","링크제니시스","KOSDAQ","IT 서비스","5080","0","0.00","58265095560"
"439090","마녀공장","KOSDAQ","화학","11830","-170","-1.42","193932265800"
"195500","마니커에프앤지","KOSDAQ","음식료·담배","2675","-5","-0.19","42741150000"
"377480","마음AI","KOSDAQ","IT 서비스","15530","-560","-3.48","110422570750"
"305090","마이크로디지탈","KOSDAQ","의료·정밀기기","6750","60","0.90","125516621250"
"098120","마이크로컨텍솔","KOSDAQ","전기·전자","28050","150","0.54","233173086300"
"424980","마이크로투나노","KOSDAQ","전기·전자","14080","-250","-1.74","83337971200"
"038290","마크로젠","KOSDAQ","일반서비스","15950","-470","-2.86","172920330000"
"267980","매일유업","KOSDAQ","음식료·담배","36700","-250","-0.68","281255514600"
"005990","매일홀딩스","KOSDAQ","음식료·담배","11390","130","1.15","151467682560"
"093520","매커스","KOSDAQ","유통","25000","-1100","-4.21","354077300000"
"100590","머큐리","KOSDAQ","전기·전자","4670","260","5.90","73926207410"
"067280","멀티캠퍼스","KOSDAQ","일반서비스","28200","100","0.36","167135167800"
"072870","메가스터디","KOSDAQ","오락·문화","13100","90","0.69","156164562900"
"215200","메가스터디교육","KOSDAQ","일반서비스","45950","-450","-0.97","476281675200"
"133750","메가엠디","KOSDAQ","일반서비스","1859","-19","-1.01","43513756143"
"446540","메가터치","KOSDAQ","전기·전자","3995","-25","-0.62","103725177255"
"235980","메드팩토","KOSDAQ","일반서비스","5300","-520","-8.93","181658141300"
"041920","메디아나","KOSDAQ","의료·정밀기기","19150","-740","-3.72","356155970450"
"014100","메디앙스","KOSDAQ","유통","1681","-21","-1.23","19835800000"
"054180","메디콕스","KOSDAQ","운송장비·부품","2295","0","0.00","12686716395"
"086900","메디톡스","KOSDAQ","제약","105700","-8200","-7.20","771451132900"
"078160","메디포스트","KOSDAQ","제약","23200","-50","-0.22","909546789600"
"0088D0","메리츠제1호스팩","KOSDAQ","금융","2230","5","0.22","12922850000"
"408920","메쎄이상","KOSDAQ","일반서비스","3475","80","2.36","150232781125"
"021880","메이슨캐피탈","KOSDAQ","금융","208","-16","-7.14","44134356864"
"140410","메지온","KOSDAQ","일반서비스","91500","11100","13.81","2779876780500"
"241770","메카로","KOSDAQ","전기·전자","36700","-300","-0.81","374069888000"
"059210","메타바이오메드","KOSDAQ","제약","4510","80","1.81","126705297510"
"058110","멕아이씨에스","KOSDAQ","의료·정밀기기","1892","30","1.61","30367602760"
"072770","멤레이비티","KOSDAQ","IT 서비스","804","-16","-1.95","66751453584"
"434480","모니터랩","KOSDAQ","IT 서비스","3685","55","1.52","45363455500"
"080420","모다이노칩","KOSDAQ","유통","2080","-35","-1.65","165820973760"
"417970","모델솔루션","KOSDAQ","기계·장비","19700","-230","-1.15","126014990000"
"080160","모두투어","KOSDAQ","일반서비스","11240","-340","-2.94","212436000000"
"087260","모바일어플라이언스","KOSDAQ","IT 서비스","2075","50","2.47","67547186575"
"101330","모베이스","KOSDAQ","전기·전자","4925","-85","-1.70","113999117825"
"012860","모베이스전자","KOSDAQ","운송장비·부품","3800","-100","-2.56","278287136600"
"363260","모비데이즈","KOSDAQ","일반서비스","1531","27","1.80","49242730339"
"348030","모비릭스","KOSDAQ","IT 서비스","2310","-70","-2.94","22184778000"
"250060","모비스","KOSDAQ","IT 서비스","4780","-105","-2.15","153778880920"
"288980","모아데이타","KOSDAQ","IT 서비스","591","-21","-3.43","20422928142"
"142760","모아라이프플러스","KOSDAQ","일반서비스","715","25","3.62","29177923775"
"033200","모아텍","KOSDAQ","전기·전자","3805","-45","-1.17","54530158925"
"333050","모코엠시스","KOSDAQ","IT 서비스","1193","66","5.86","29363697918"
"118990","모트렉스","KOSDAQ","운송장비·부품","8980","-100","-1.10","223260670200"
"463480","모티브링크","KOSDAQ","전기·전자","7060","-240","-3.29","87475927480"
"006920","모헨즈","KOSDAQ","비금속","5620","-80","-1.40","61370400000"
"001810","무림SP","KOSDAQ","종이·목재","1361","0","0.00","30129137500"
"279600","미디어젠","KOSDAQ","IT 서비스","6760","1560","30.00","31669119560"
"095500","미래나노텍","KOSDAQ","화학","9110","-390","-4.11","282501090890"
"254490","미래반도체","KOSDAQ","유통","18750","-730","-3.75","270712500000"
"218150","미래생명자원","KOSDAQ","음식료·담배","3210","35","1.10","65534724420"
"100790","미래에셋벤처투자","KOSDAQ","금융","22850","-1200","-4.99","1213897886900"
"0097F0","미래에셋비전스팩10호","KOSDAQ","금융","2015","-5","-0.25","13097500000"
"0099W0","미래에셋비전스팩11호","KOSDAQ","금융","2020","0","0.00","14140000000"
"477380","미래에셋비전스팩4호","KOSDAQ","금융","2080","20","0.97","16848000000"
"477470","미래에셋비전스팩5호","KOSDAQ","금융","2100","10","0.48","11508000000"
"478440","미래에셋비전스팩6호","KOSDAQ","금융","2065","5","0.24","14310450000"
"482680","미래에셋비전스팩7호","KOSDAQ","금융","2040","-5","-0.24","16758600000"
"0093G0","미래에셋비전스팩8호","KOSDAQ","금융","2015","-5","-0.25","12896000000"
"0096D0","미래에셋비전스팩9호","KOSDAQ","금융","2010","0","0.00","11055000000"
"049950","미래컴퍼니","KOSDAQ","기계·장비","14870","-460","-3.00","131121935080"
"207760","미스터블루","KOSDAQ","IT 서비스","1036","-39","-3.63","86070655188"
"059090","미코","KOSDAQ","전기·전자","14570","-400","-2.67","486882455460"
"201490","미투온","KOSDAQ","IT 서비스","3160","-120","-3.66","102996439600"
"475460","미트박스","KOSDAQ","IT 서비스","7950","-70","-0.87","44623548750"
"452200","민테크","KOSDAQ","의료·정밀기기","2265","-40","-1.74","53914902585"
"206640","바디텍메드","KOSDAQ","제약","11590","-510","-4.21","272209230400"
"018700","바른손","KOSDAQ","유통","555","8","1.46","19491465135"
"035620","바른손이앤에이","KOSDAQ","오락·문화","250","-14","-5.30","18609918750"
"053030","바이넥스","KOSDAQ","제약","12400","-600","-4.62","405283931200"
"301300","바이브컴퍼니","KOSDAQ","IT 서비스","2500","20","0.81","32886780000"
"064550","바이오니아","KOSDAQ","제약","11820","-320","-2.64","305077639620"
"314930","바이오다인","KOSDAQ","의료·정밀기기","12400","-170","-1.35","369074877200"
"489460","바이오비쥬","KOSDAQ","화학","8630","-500","-5.48","129833430900"
"086820","바이오솔루션","KOSDAQ","제약","12740","280","2.25","309483290480"
"038460","바이오스마트","KOSDAQ","전기·전자","4475","-245","-5.19","117085860050"
"251120","바이오에프디엔씨","KOSDAQ","제약","13400","-470","-3.39","116522380000"
"199730","바이오인프라","KOSDAQ","일반서비스","3905","-45","-1.14","18995353135"
"086040","바이오톡스텍","KOSDAQ","일반서비스","3240","75","2.37","51704720280"
"188040","바이오포트","KOSDAQ","음식료·담배","6150","10","0.16","28777744200"
"099430","바이오플러스","KOSDAQ","제약","4955","-65","-1.29","305429777510"
"032980","바이온","KOSDAQ","유통","604","0","0.00","18354952980"
"308080","바이젠셀","KOSDAQ","일반서비스","5640","-70","-1.23","115615826400"
"043150","바텍","KOSDAQ","의료·정밀기기","23000","-600","-2.54","341647888000"
"323990","박셀바이오","KOSDAQ","일반서비스","8030","-140","-1.71","186756480350"
"267790","배럴","KOSDAQ","섬유·의류","3525","-140","-3.82","27104814225"
"046310","백금T&A","KOSDAQ","전기·전자","3045","-5","-0.16","49994761845"
"331520","밸로프","KOSDAQ","IT 서비스","556","3","0.54","28280600840"
"199480","뱅크웨어글로벌","KOSDAQ","IT 서비스","4730","60","1.28","48229861240"
"438700","버넥트","KOSDAQ","IT 서비스","3130","-35","-1.11","34883505700"
"066410","버킷스튜디오","KOSDAQ","통신","1153","0","0.00","159637252154"
"382900","범한퓨얼셀","KOSDAQ","전기·전자","30500","-1200","-3.79","267210500000"
"206400","베노티앤알","KOSDAQ","건설","1221","14","1.16","45799902918"
"019010","베뉴지","KOSDAQ","유통","4835","-15","-0.31","233047000000"
"177350","베셀","KOSDAQ","기계·장비","1428","15","1.06","28065579276"
"457600","벡트","KOSDAQ","전기·전자","2270","-30","-1.30","31116025000"
"424760","벨로크","KOSDAQ","IT 서비스","1098","3","0.27","21716592066"
"250000","보라티알","KOSDAQ","유통","7840","-50","-0.63","52925746720"
"310210","보로노이","KOSDAQ","일반서비스","320000","-19000","-5.60","5885926720000"
"006910","보성파워텍","KOSDAQ","금속","12120","-640","-5.02","595453466880"
"226340","본느","KOSDAQ","화학","421","1","0.24","17661968820"
"014470","부방","KOSDAQ","부동산","1331","-14","-1.04","79929558060"
"008470","부스타","KOSDAQ","금속","3715","15","0.41","31223832000"
"338220","뷰노","KOSDAQ","IT 서비스","16960","-700","-3.96","237470918080"
"100120","뷰웍스","KOSDAQ","의료·정밀기기","25950","-750","-2.81","232808115450"
"406820","뷰티스킨","KOSDAQ","화학","1998","-72","-3.48","28244041686"
"099390","브레인즈컴퍼니","KOSDAQ","IT 서비스","4485","10","0.22","36814149255"
"064480","브리지텍","KOSDAQ","IT 서비스","4335","-165","-3.67","51814087500"
"365900","브이씨","KOSDAQ","기타제조","2730","-115","-4.04","19957119000"
"089970","브이엠","KOSDAQ","기계·장비","48800","2900","6.32","1191290716000"
"251630","브이원텍","KOSDAQ","기계·장비","5640","-240","-4.08","89917877040"
"018290","브이티","KOSDAQ","화학","14650","-440","-2.92","511897926700"
"478560","블랙야크아이앤씨","KOSDAQ","섬유·의류","3400","-20","-0.58","87823013200"
"439580","블루엠텍","KOSDAQ","유통","3500","-105","-2.91","118462914500"
"033560","블루콤","KOSDAQ","전기·전자","3215","5","0.16","54976500000"
"369370","블리츠웨이엔터테인먼트","KOSDAQ","오락·문화","1448","-42","-2.82","72214527128"
"126340","비나텍","KOSDAQ","전기·전자","139400","3800","2.80","968421418600"
"121800","비덴트","KOSDAQ","전기·전자","3320","0","0.00","256309348520"
"082800","비보존 제약","KOSDAQ","제약","3445","35","1.03","209179249370"
"318410","비비씨","KOSDAQ","화학","7810","-50","-0.64","43386447830"
"419540","비스토스","KOSDAQ","의료·정밀기기","893","-7","-0.78","20532312323"
"146320","비씨엔씨","KOSDAQ","전기·전자","16790","1190","7.63","214877127170"
"200780","비씨월드제약","KOSDAQ","제약","4885","-5","-0.10","47561532400"
"413640","비아이매트릭스","KOSDAQ","IT 서비스","8490","50","0.59","61186920600"
"141000","비아트론","KOSDAQ","기계·장비","10100","500","5.21","122358571000"
"083650","비에이치아이","KOSDAQ","기계·장비","104300","-1300","-1.23","3227498312500"
"473370","비엔케이제2호스팩","KOSDAQ","금융","2765","0","0.00","11640650000"
"0068Y0","비엔케이제3호스팩","KOSDAQ","금융","2025","-5","-0.25","8727750000"
"065170","비엘팜텍","KOSDAQ","유통","3985","-270","-6.35","108784159865"
"086670","비엠티","KOSDAQ","기계·장비","13140","-40","-0.30","130426128900"
"230980","비유테크놀러지","KOSDAQ","IT 서비스","229","0","0.00","21370407553"
"488900","비츠로넥스텍","KOSDAQ","운송장비·부품","19620","500","2.62","568517811660"
"082920","비츠로셀","KOSDAQ","전기·전자","30950","3050","10.93","1403256813150"
"054220","비츠로시스","KOSDAQ","전기·전자","585","-22","-3.62","35072552385"
"042370","비츠로테크","KOSDAQ","금융","11160","-160","-1.41","292392279000"
"050090","비케이홀딩스","KOSDAQ","일반서비스","648","9","1.41","12820508280"
"148780","비큐AI","KOSDAQ","IT 서비스","1162","-34","-2.84","36539932450"
"307870","비투엔","KOSDAQ","IT 서비스","1053","-129","-10.91","62721430083"
"377030","비트맥스","KOSDAQ","IT 서비스","847","-108","-11.31","36232491680"
"032850","비트컴퓨터","KOSDAQ","IT 서비스","5420","-150","-2.69","90098248060"
"049470","비트플래닛","KOSDAQ","IT 서비스","680","-10","-1.45","80052658640"
"238200","비피도","KOSDAQ","음식료·담배","2985","50","1.70","24417300000"
"093190","빅솔론","KOSDAQ","전기·전자","7890","-170","-2.11","151794960450"
"065450","빅텍","KOSDAQ","의료·정밀기기","4920","-120","-2.38","140971776000"
"044480","빌리언스","KOSDAQ","화학","278","26","10.32","22424516384"
"069540","빛과전자","KOSDAQ","전기·전자","1687","210","14.22","163832915589"
"072950","빛샘전자","KOSDAQ","전기·전자","7120","-130","-1.79","57334583200"
"451250","삐아","KOSDAQ","화학","8360","-160","-1.88","85488331720"
"143240","사람인","KOSDAQ","IT 서비스","14290","-110","-0.76","167325368270"
"466410","사이냅소프트","KOSDAQ","IT 서비스","11480","-70","-0.61","57825024040"
"223310","사토시홀딩스","KOSDAQ","유통","1533","-103","-6.30","39893587062"
"452430","사피엔반도체","KOSDAQ","전기·전자","36050","-450","-1.23","296260558300"
"419120","산돌","KOSDAQ","IT 서비스","4070","-25","-0.61","59903733340"
"122350","삼기","KOSDAQ","운송장비·부품","1447","-50","-3.34","55477152316"
"419050","삼기에너지솔루션즈","KOSDAQ","운송장비·부품","1536","-52","-3.27","87853424640"
"014970","삼륭물산","KOSDAQ","종이·목재","6510","-200","-2.98","98463750000"
"018310","삼목에스폼","KOSDAQ","금속","18270","-30","-0.16","268569000000"
"012210","삼미금속","KOSDAQ","금속","14820","-600","-3.89","328885617840"
"053700","삼보모터스","KOSDAQ","운송장비·부품","6250","-340","-5.16","157662193750"
"009620","삼보산업","KOSDAQ","금속","1502","-78","-4.94","24611908682"
"023600","삼보판지","KOSDAQ","종이·목재","9620","50","0.52","153999846000"
"0044K0","삼성스팩10호","KOSDAQ","금융","2065","0","0.00","15528800000"
"0071M0","삼성스팩11호","KOSDAQ","금융","2025","-5","-0.25","11664000000"
"0096B0","삼성스팩12호","KOSDAQ","금융","2015","0","0.00","13258700000"
"0115H0","삼성스팩13호","KOSDAQ","금융","2040","0","0.00","14994000000"
"009300","삼아제약","KOSDAQ","제약","16090","-20","-0.12","102493300000"
"482630","삼양엔씨켐","KOSDAQ","화학","17950","-1250","-6.51","196447313000"
"484590","삼양컴텍","KOSDAQ","금속","12720","30","0.24","524196924000"
"036670","삼양케이씨아이","KOSDAQ","화학","6000","110","1.87","67620000000"
"361670","삼영에스앤씨","KOSDAQ","전기·전자","2815","-85","-2.93","15954457270"
"054540","삼영엠텍","KOSDAQ","금속","11830","-320","-2.63","153790000000"
"065570","삼영이엔씨","KOSDAQ","전기·전자","764","0","0.00","12295692232"
"014950","삼익제약","KOSDAQ","제약","11320","-650","-5.43","104103395160"
"032280","삼일","KOSDAQ","운송·창고","1393","-20","-1.42","22585530870"
"002290","삼일기업공사","KOSDAQ","건설","3830","-20","-0.52","47492000000"
"037460","삼지전자","KOSDAQ","전기·전자","22950","-350","-1.50","374510079900"
"032750","삼진","KOSDAQ","전기·전자","3345","-45","-1.33","30209103090"
"0013V0","삼진식품","KOSDAQ","음식료·담배","8330","-310","-3.59","82622404480"
"054090","삼진엘앤디","KOSDAQ","기타제조","760","-10","-1.30","18969016320"
"000250","삼천당제약","KOSDAQ","제약","795000","11000","1.40","18648690240000"
"024950","삼천리자전거","KOSDAQ","유통","4120","0","0.00","54687137240"
"038500","삼표시멘트","KOSDAQ","비금속","17300","-450","-2.54","1866952093800"
"437730","삼현","KOSDAQ","운송장비·부품","56000","-200","-0.36","1775623752000"
"017480","삼현철강","KOSDAQ","금속","4450","-30","-0.67","69877860500"
"046390","삼화네트웍스","KOSDAQ","오락·문화","927","17","1.87","40021308891"
"027580","상보","KOSDAQ","화학","583","4","0.69","34502685657"
"038540","상상인","KOSDAQ","IT 서비스","2270","-75","-3.20","125595270510"
"452670","상상인제4호스팩","KOSDAQ","금융","2100","0","0.00","10962000000"
"091580","상신이디피","KOSDAQ","전기·전자","17510","-890","-4.84","233377114690"
"263810","상신전자","KOSDAQ","전기·전자","2965","-75","-2.47","47217106125"
"089980","상아프론테크","KOSDAQ","화학","25700","650","2.59","410918250900"
"042940","상지건설","KOSDAQ","건설","8390","-230","-2.67","57292893680"
"042600","새로닉스","KOSDAQ","전기·전자","11830","-220","-1.83","146970880420"
"107600","새빗켐","KOSDAQ","화학","26200","-950","-3.50","147507414800"
"411080","샌즈랩","KOSDAQ","IT 서비스","6150","-70","-1.13","93895973700"
"252990","샘씨엔에스","KOSDAQ","전기·전자","10440","-110","-1.04","628674761160"
"378800","샤페론","KOSDAQ","제약","1613","-39","-2.36","74590009003"
"294630","서남","KOSDAQ","전기·전자","4000","-85","-2.08","105465276000"
"038070","서린바이오","KOSDAQ","유통","6480","-150","-2.26","58972380480"
"006730","서부T&D","KOSDAQ","일반서비스","14840","-220","-1.46","963515537320"
"079650","서산","KOSDAQ","비금속","1563","30","1.96","31260000000"
"100660","서암기계공업","KOSDAQ","기계·장비","4285","-90","-2.06","53991000000"
"019770","서연탑메탈","KOSDAQ","기계·장비","3890","-10","-0.26","45318500000"
"043710","서울리거","KOSDAQ","유통","852","-17","-1.96","73751258520"
"092190","서울바이오시스","KOSDAQ","전기·전자","3700","-300","-7.50","169713017100"
"046890","서울반도체","KOSDAQ","전기·전자","11150","-330","-2.87","650105210000"
"063170","서울옥션","KOSDAQ","유통","7990","-240","-2.92","142016393330"
"027040","서울전자통신","KOSDAQ","전기·전자","440","-10","-2.22","30619092680"
"018680","서울제약","KOSDAQ","제약","2745","-55","-1.96","32004830655"
"036120","서울평가정보","KOSDAQ","IT 서비스","2100","25","1.20","73804500000"
"093920","서원인텍","KOSDAQ","전기·전자","5090","0","0.00","94674000000"
"189860","서전기전","KOSDAQ","전기·전자","4780","-85","-1.75","46360168400"
"178320","서진시스템","KOSDAQ","전기·전자","45400","200","0.44","2666263458000"
"122690","서진오토모티브","KOSDAQ","운송장비·부품","2500","-65","-2.53","57697915000"
"140070","서플러스글로벌","KOSDAQ","유통","1959","-25","-1.26","72459492000"
"011370","서한","KOSDAQ","건설","1033","-17","-1.62","104224395545"
"065710","서호전기","KOSDAQ","전기·전자","46200","0","0.00","237930000000"
"035890","서희건설","KOSDAQ","건설","1623","0","0.00","372979125711"
"357550","석경에이티","KOSDAQ","화학","52500","-1400","-2.60","286387500000"
"003100","선광","KOSDAQ","운송·창고","21350","-250","-1.16","140910000000"
"067370","선바이오","KOSDAQ","제약","5350","220","4.29","65235519250"
"217620","선샤인푸드","KOSDAQ","일반서비스","3810","0","0.00","26803681470"
"171090","선익시스템","KOSDAQ","기계·장비","103500","-2900","-2.73","1041823548000"
"086710","선진뷰티사이언스","KOSDAQ","화학","9160","-250","-2.66","111782044800"
"014620","성광벤드","KOSDAQ","금속","31750","-750","-2.31","843196307000"
"037350","성도이엔지","KOSDAQ","일반서비스","12080","-170","-1.39","183736800000"
"458650","성우","KOSDAQ","전기·전자","12590","-90","-0.71","189424985300"
"081580","성우전자","KOSDAQ","전기·전자","2935","-65","-2.17","45516399705"
"045300","성우테크론","KOSDAQ","전기·전자","2955","0","0.00","30576463575"
"015750","성우하이텍","KOSDAQ","운송장비·부품","9200","-410","-4.27","736000000000"
"365340","성일하이텍","KOSDAQ","화학","57800","-1800","-3.02","709362117800"
"080470","성창오토텍","KOSDAQ","운송장비·부품","4105","-70","-1.68","29966500000"
"043260","성호전자","KOSDAQ","전기·전자","40000","-2500","-5.88","2836912920000"
"148150","세경하이테크","KOSDAQ","전기·전자","4535","-60","-1.31","161186679630"
"061090","세나테크놀로지","KOSDAQ","전기·전자","37100","-1750","-4.50","207226650400"
"188260","세니젠","KOSDAQ","기타제조","1484","-81","-5.18","10727049480"
"053060","세동","KOSDAQ","운송장비·부품","1220","-8","-0.65","21542051180"
"340440","세림B&G","KOSDAQ","화학","1499","60","4.17","42539167636"
"017510","세명전기","KOSDAQ","금속","9500","-180","-1.86","144837000000"
"490470","세미파이브","KOSDAQ","일반서비스","31250","2100","7.20","1058087500000"
"011560","세보엠이씨","KOSDAQ","건설","18630","-50","-0.27","192820500000"
"396300","세아메카닉스","KOSDAQ","금속","3710","-165","-4.26","98276045000"
"100700","세운메디칼","KOSDAQ","제약","2440","-30","-1.21","106872000000"
"024830","세원물산","KOSDAQ","운송장비·부품","11240","-150","-1.32","93854000000"
"258830","세종메디칼","KOSDAQ","의료·정밀기기","412","0","0.00","31223976612"
"036630","세종텔레콤","KOSDAQ","건설","8070","20","0.25","80700000000"
"039310","세중","KOSDAQ","IT 서비스","2290","432","23.25","41498617430"
"067770","세진티에스","KOSDAQ","전기·전자","2085","85","4.25","17506896405"
"053450","세코닉스","KOSDAQ","의료·정밀기기","5360","-70","-1.29","79289424080"
"252500","세화피앤씨","KOSDAQ","화학","770","-13","-1.66","31944520300"
"321370","센서뷰","KOSDAQ","전기·전자","4060","55","1.37","209696141760"
"347000","센코","KOSDAQ","의료·정밀기기","2185","-60","-2.67","82616698510"
"331920","셀레믹스","KOSDAQ","제약","6930","-30","-0.43","56577545640"
"352770","셀레스트라","KOSDAQ","일반서비스","5250","0","0.00","13610136750"
"471820","셀로맥스사이언스","KOSDAQ","음식료·담배","5070","-30","-0.59","58716699210"
"049180","셀루메드","KOSDAQ","제약","1009","0","0.00","83948814126"
"299660","셀리드","KOSDAQ","일반서비스","2640","65","2.52","77887859280"
"108860","셀바스AI","KOSDAQ","IT 서비스","10700","-600","-5.31","287988253000"
"208370","셀바스헬스케어","KOSDAQ","의료·정밀기기","4370","-140","-3.10","112486264680"
"318160","셀바이오휴먼텍","KOSDAQ","섬유·의류","7220","-230","-3.09","67443471220"
"308430","셀비온","KOSDAQ","제약","26850","-600","-2.19","344526043500"
"068760","셀트리온제약","KOSDAQ","제약","60200","-1900","-3.06","2629764880400"
"068940","셀피글로벌","KOSDAQ","전기·전자","778","0","0.00","35720093048"
"007720","소노스퀘어","KOSDAQ","유통","515","-3","-0.58","51912231750"
"290690","소룩스","KOSDAQ","전기·전자","4145","335","8.79","202085976620"
"950200","소마젠","KOSDAQ","일반서비스","3250","-145","-4.27","62517172250"
"032680","소프트센","KOSDAQ","IT 서비스","222","0","0.00","23441149608"
"032685","소프트센우","KOSDAQ","IT 서비스","5680","-100","-1.73","2028566560"
"258790","소프트캠프","KOSDAQ","IT 서비스","1175","-21","-1.76","29364758700"
"066910","손오공","KOSDAQ","유통","600","7","1.18","40159898400"
"215090","솔디펜스","KOSDAQ","의료·정밀기기","2800","-80","-2.78","64835850800"
"035610","솔본","KOSDAQ","일반서비스","3755","-55","-1.44","102684218735"
"357780","솔브레인","KOSDAQ","화학","422000","-18000","-4.09","3282554852000"
"036830","솔브레인홀딩스","KOSDAQ","일반서비스","51700","-3300","-6.00","1083841695200"
"304100","솔트룩스","KOSDAQ","IT 서비스","23600","-950","-3.87","297214978000"
"328380","솔트웨어","KOSDAQ","IT 서비스","764","-19","-2.43","26176762392"
"086980","쇼박스","KOSDAQ","오락·문화","2750","10","0.36","172254500000"
"050960","수산아이앤티","KOSDAQ","IT 서비스","9030","-170","-1.85","60961530000"
"084180","수성웹툰","KOSDAQ","기계·장비","1602","32","2.04","28955001366"
"253840","수젠텍","KOSDAQ","제약","4895","-90","-1.81","81957964000"
"298830","슈어소프트테크","KOSDAQ","IT 서비스","7260","-300","-3.97","388108702740"
"236200","슈프리마","KOSDAQ","전기·전자","51500","700","1.38","359177016500"
"094840","슈프리마에이치큐","KOSDAQ","전기·전자","7150","-150","-2.05","73857355000"
"192440","슈피겐코리아","KOSDAQ","기타제조","23800","-100","-0.42","147949439400"
"424960","스마트레이더시스템","KOSDAQ","의료·정밀기기","7280","110","1.53","120011600800"
"099440","스맥","KOSDAQ","기계·장비","5590","-10","-0.18","381480572460"
"276040","스코넥","KOSDAQ","IT 서비스","813","0","0.00","17585462355"
"060240","스타코링크","KOSDAQ","운송장비·부품","1976","0","0.00","11502414560"
"115570","스타플렉스","KOSDAQ","화학","2805","-60","-2.09","22396544940"
"078860","스테이지원엔터","KOSDAQ","오락·문화","415","0","0.00","24635336655"
"330730","스톤브릿지벤처스","KOSDAQ","금융","5660","-140","-2.41","103112917800"
"352090","스톰테크","KOSDAQ","화학","3575","-20","-0.56","96070967850"
"253450","스튜디오드래곤","KOSDAQ","오락·문화","39050","-1050","-2.62","1173784346900"
"408900","스튜디오미르","KOSDAQ","오락·문화","2335","-55","-2.30","76478089215"
"415380","스튜디오삼익","KOSDAQ","유통","2035","-5","-0.25","23286454125"
"013810","스페코","KOSDAQ","기계·장비","2745","0","0.00","40229265150"
"347700","스피어","KOSDAQ","IT 서비스","45850","-2900","-5.95","2163502125400"
"049830","승일","KOSDAQ","금속","7540","30","0.40","46236124480"
"020710","시공테크","KOSDAQ","일반서비스","4070","20","0.49","81595237900"
"033170","시그네틱스","KOSDAQ","전기·전자","750","-19","-2.47","64296239250"
"048870","시너지이노베이션","KOSDAQ","의료·정밀기기","2060","30","1.48","181500343780"
"025320","시노펙스","KOSDAQ","전기·전자","6070","-200","-3.19","559377833210"
"340810","시선AI","KOSDAQ","IT 서비스","2550","-85","-3.23","33038009100"
"269620","시스웍","KOSDAQ","의료·정밀기기","889","0","0.00","132090012299"
"056090","시지메드텍","KOSDAQ","의료·정밀기기","2590","-290","-10.07","267440903240"
"429270","시지트로닉스","KOSDAQ","전기·전자","4085","-65","-1.57","26345108635"
"418250","시큐레터","KOSDAQ","IT 서비스","6550","0","0.00","47629012750"
"131090","시큐브","KOSDAQ","IT 서비스","3845","-25","-0.65","29445859745"
"290520","신도기연","KOSDAQ","기계·장비","1798","36","2.04","28640992876"
"001000","신라섬유","KOSDAQ","부동산","2020","-15","-0.74","49040630800"
"025870","신라에스지","KOSDAQ","유통","4290","-45","-1.04","17160000000"
"215600","신라젠","KOSDAQ","일반서비스","3430","-80","-2.28","473785337480"
"065350","신성델타테크","KOSDAQ","전기·전자","61800","-3200","-4.92","1698507986400"
"416180","신성에스티","KOSDAQ","운송장비·부품","34900","-1000","-2.79","315488252200"
"162300","신스틸","KOSDAQ","금속","1670","23","1.40","69257207940"
"002800","신신제약","KOSDAQ","제약","5530","-70","-1.25","83892865000"
"472220","신영스팩10호","KOSDAQ","금융","2145","-20","-0.92","10060050000"
"0091W0","신영스팩11호","KOSDAQ","금융","2080","0","0.00","12621440000"
"017000","신원종합개발","KOSDAQ","건설","2955","-70","-2.31","34479019785"
"012790","신일제약","KOSDAQ","제약","5960","-30","-0.50","71439033400"
"138070","신진에스엠","KOSDAQ","금속","1750","-30","-1.69","30630607000"
"226330","신테카바이오","KOSDAQ","IT 서비스","3205","-55","-1.69","77748412375"
"452980","신한제11호스팩","KOSDAQ","금융","2095","0","0.00","39605975000"
"474660","신한제12호스팩","KOSDAQ","금융","2065","0","0.00","11398800000"
"474930","신한제13호스팩","KOSDAQ","금융","2130","-10","-0.47","7710600000"
"487360","신한제14호스팩","KOSDAQ","금융","2080","-15","-0.72","11731200000"
"487830","신한제15호스팩","KOSDAQ","금융","2075","0","0.00","9026250000"
"496070","신한제16호스팩","KOSDAQ","금융","2045","-5","-0.24","11492900000"
"056700","신화인터텍","KOSDAQ","화학","1873","-7","-0.37","54570025443"
"187270","신화콘텍","KOSDAQ","전기·전자","3555","-75","-2.07","36061368975"
"243840","신흥에스이씨","KOSDAQ","전기·전자","6200","-100","-1.59","239061057000"
"257720","실리콘투","KOSDAQ","유통","36500","-1550","-4.07","2232774642000"
"222800","심텍","KOSDAQ","전기·전자","60100","500","0.84","2244267301800"
"036710","심텍홀딩스","KOSDAQ","일반서비스","2670","-125","-4.47","141050103180"
"444530","심플랫폼","KOSDAQ","IT 서비스","7950","-280","-3.40","50857922850"
"234030","싸이닉솔루션","KOSDAQ","전기·전자","7250","-320","-4.23","171136250000"
"160980","싸이맥스","KOSDAQ","기계·장비","23950","-50","-0.21","261635619850"
"356890","싸이버원","KOSDAQ","IT 서비스","3145","-70","-2.18","37594779625"
"217330","싸이토젠","KOSDAQ","일반서비스","4535","-135","-2.89","104892495645"
"208640","썸에이지","KOSDAQ","IT 서비스","185","-6","-3.14","25759446990"
"222420","쎄노텍","KOSDAQ","비금속","1258","-20","-1.56","60865315832"
"037760","쎄니트","KOSDAQ","금속","1928","9","0.47","65229871688"
"081180","쎄크","KOSDAQ","기계·장비","12650","-290","-2.24","111643017750"
"099320","쎄트렉아이","KOSDAQ","운송장비·부품","186200","-7000","-3.62","2039127963600"
"049960","쎌바이오텍","KOSDAQ","제약","13930","-180","-1.28","130942000000"
"088280","쏘닉스","KOSDAQ","전기·전자","2495","15","0.60","43179692550"
"050890","쏠리드","KOSDAQ","전기·전자","12900","-320","-2.42","783759288600"
"394800","쓰리빌리언","KOSDAQ","일반서비스","14680","-490","-3.23","466258467680"
"177900","쓰리에이로직스","KOSDAQ","전기·전자","5990","0","0.00","57412952000"
"475400","씨메스","KOSDAQ","기계·장비","36200","-2300","-5.97","425569444400"
"109670","씨싸이트","KOSDAQ","섬유·의류","5340","-110","-2.02","31167454680"
"066790","씨씨에스","KOSDAQ","오락·문화","1493","0","0.00","97271994227"
"222080","씨아이에스","KOSDAQ","기계·장비","12570","-340","-2.63","974616973770"
"352480","씨앤씨인터내셔널","KOSDAQ","화학","26800","-550","-2.01","365281346800"
"264660","씨앤지하이테크","KOSDAQ","기계·장비","18400","230","1.27","178869564800"
"352700","씨앤투스","KOSDAQ","화학","1982","-23","-1.15","52080813818"
"458870","씨어스테크놀로지","KOSDAQ","의료·정밀기기","189000","3900","2.11","2397763620000"
"297090","씨에스베어링","KOSDAQ","기계·장비","7880","-310","-3.79","214887600000"
"900120","씨엑스아이","KOSDAQ","금융","414","4","0.98","12443922576"
"359090","씨엔알리서치","KOSDAQ","일반서비스","801","2","0.25","46034044317"
"115530","씨엔플러스","KOSDAQ","전기·전자","279","-9","-3.13","20224120194"
"388210","씨엠티엑스","KOSDAQ","전기·전자","150000","13200","9.65","1427240700000"
"115480","씨유메디칼","KOSDAQ","의료·정밀기기","501","5","1.01","30372903558"
"376290","씨유테크","KOSDAQ","전기·전자","2725","-10","-0.37","48116687500"
"189330","씨이랩","KOSDAQ","IT 서비스","4430","-145","-3.17","41563518120"
"096530","씨젠","KOSDAQ","제약","22150","-700","-3.06","1156805767100"
"101240","씨큐브","KOSDAQ","화학","3885","25","0.65","42196500150"
"060590","씨티씨바이오","KOSDAQ","제약","3925","-55","-1.38","94910503500"
"260930","씨티케이","KOSDAQ","화학","3910","-35","-0.89","75625620810"
"413630","씨피시스템","KOSDAQ","화학","3895","-140","-3.47","141920658270"
"013990","아가방컴퍼니","KOSDAQ","유통","5010","15","0.30","164766555360"
"123860","아나패스","KOSDAQ","전기·전자","15770","170","1.09","191186254550"
"025980","아난티","KOSDAQ","일반서비스","7370","-470","-5.99","697935580320"
"0015N0","아로마티카","KOSDAQ","화학","9680","-410","-4.06","123081684000"
"125210","아모그린텍","KOSDAQ","전기·전자","7250","-100","-1.36","119601727500"
"357580","아모센스","KOSDAQ","전기·전자","21800","-1700","-7.23","254065832800"
"052710","아모텍","KOSDAQ","전기·전자","14020","490","3.62","204903828180"
"074430","아미노로직스","KOSDAQ","제약","1415","-3","-0.21","124274984260"
"092040","아미코젠","KOSDAQ","음식료·담배","1398","-34","-2.37","98776231026"
"083930","아바코","KOSDAQ","기계·장비","14340","-370","-2.52","210471750660"
"149950","아바텍","KOSDAQ","전기·전자","10430","-90","-0.86","142554142290"
"036010","아비코전자","KOSDAQ","전기·전자","8960","530","6.29","119104688640"
"050860","아세아텍","KOSDAQ","기계·장비","1971","-44","-2.18","44347500000"
"136410","아셈스","KOSDAQ","화학","7530","-270","-3.46","82973868180"
"246720","아스타","KOSDAQ","제약","6550","-290","-4.24","107297515000"
"450950","아스테라시스","KOSDAQ","의료·정밀기기","11730","-80","-0.68","441371654160"
"067390","아스트","KOSDAQ","운송장비·부품","744","-10","-1.33","299949238776"
"159010","아스플로","KOSDAQ","기계·장비","5080","-10","-0.20","67740474120"
"127710","아시아경제","KOSDAQ","IT 서비스","1450","20","1.40","62430003750"
"154030","아시아종묘","KOSDAQ","농업, 임업 및 어업","2085","-25","-1.18","25148992695"
"227610","아우딘퓨쳐스","KOSDAQ","화학","647","-2","-0.31","24616568162"
"331740","아우토크립트","KOSDAQ","IT 서비스","17420","-720","-3.97","169296113220"
"143160","아이디스","KOSDAQ","전기·전자","17960","70","0.39","192466364400"
"054800","아이디스홀딩스","KOSDAQ","일반서비스","15070","-110","-0.72","155940682920"
"332370","아이디피","KOSDAQ","전기·전자","5130","215","4.37","68094214380"
"066430","아이로보틱스","KOSDAQ","유통","2085","-35","-1.65","81634997460"
"339950","아이비김영","KOSDAQ","일반서비스","2300","25","1.10","103377306500"
"469750","아이비젼웍스","KOSDAQ","기계·장비","1130","1","0.09","38935823530"
"460470","아이빔테크놀로지","KOSDAQ","의료·정밀기기","3750","25","0.67","56697637500"
"099190","아이센스","KOSDAQ","의료·정밀기기","20300","-450","-2.17","576544096100"
"461300","아이스크림미디어","KOSDAQ","IT 서비스","18990","790","4.34","252613202670"
"289010","아이스크림에듀","KOSDAQ","오락·문화","1569","3","0.19","21880106664"
"214430","아이쓰리시스템","KOSDAQ","전기·전자","96400","-5300","-5.21","704415526000"
"040910","아이씨디","KOSDAQ","기계·장비","5510","0","0.00","102344255250"
"368600","아이씨에이치","KOSDAQ","전기·전자","898","-1","-0.11","22933434708"
"456010","아이씨티케이","KOSDAQ","전기·전자","14070","-820","-5.51","195599085780"
"052860","아이앤씨","KOSDAQ","전기·전자","3880","60","1.57","69307873520"
"464500","아이언디바이스","KOSDAQ","전기·전자","3425","55","1.63","47926925775"
"212710","아이에스티이","KOSDAQ","전기·전자","7940","-30","-0.38","76406445320"
"038880","아이에이","KOSDAQ","전기·전자","146","-2","-1.35","54855291550"
"307180","아이엘","KOSDAQ","전기·전자","5810","90","1.57","195426130270"
"101390","아이엠","KOSDAQ","전기·전자","396","0","0.00","5510084184"
"461030","아이엠비디엑스","KOSDAQ","일반서비스","6660","-300","-4.31","93358215000"
"451220","아이엠티","KOSDAQ","기계·장비","12240","-310","-2.47","96385238640"
"090150","아이윈","KOSDAQ","운송장비·부품","802","3","0.38","33583984986"
"031310","아이즈비전","KOSDAQ","통신","1459","-10","-0.68","38452007737"
"462980","아이지넷","KOSDAQ","IT 서비스","2240","-25","-1.10","40845138880"
"185490","아이진","KOSDAQ","일반서비스","1427","-13","-0.90","61688901768"
"059100","아이컴포넌트","KOSDAQ","전기·전자","5500","-110","-1.96","38889730000"
"262840","아이퀘스트","KOSDAQ","IT 서비스","1784","1","0.06","37702886520"
"175250","아이큐어","KOSDAQ","제약","2170","0","0.00","81501658560"
"052460","아이크래프트","KOSDAQ","IT 서비스","3335","30","0.91","48717466560"
"119830","아이텍","KOSDAQ","일반서비스","6960","-80","-1.14","183389200080"
"052770","아이톡시","KOSDAQ","IT 서비스","400","-49","-10.91","5827509600"
"124500","아이티센글로벌","KOSDAQ","IT 서비스","65200","-1800","-2.69","1512935160400"
"010280","아이티센엔텍","KOSDAQ","IT 서비스","1067","-30","-2.73","69487079662"
"232830","아이티센피엔에스","KOSDAQ","IT 서비스","2970","55","1.89","49105166220"
"372800","아이티아이즈","KOSDAQ","IT 서비스","4325","-135","-3.03","30435842425"
"084850","아이티엠반도체","KOSDAQ","전기·전자","10120","-330","-3.16","229551292080"
"309710","아이티켐","KOSDAQ","제약","35150","-2250","-6.02","449322485150"
"114840","아이패밀리에스씨","KOSDAQ","화학","11190","-170","-1.50","193809681000"
"027360","아주IB투자","KOSDAQ","금융","7660","160","2.13","927973809960"
"032080","아즈텍WB","KOSDAQ","섬유·의류","1321","5","0.38","28389649309"
"013310","아진산업","KOSDAQ","운송장비·부품","3235","-120","-3.58","125539292770"
"059120","아진엑스텍","KOSDAQ","전기·전자","7630","-110","-1.42","139705803580"
"0007C0","아크릴","KOSDAQ","IT 서비스","38800","-2650","-6.39","311576571200"
"203690","아크솔루션스","KOSDAQ","종이·목재","4425","0","0.00","89196141000"
"158430","아톤","KOSDAQ","IT 서비스","6400","-180","-2.74","156685388800"
"200350","아티스트스튜디오","KOSDAQ","오락·문화","4745","-155","-3.16","47431138625"
"321820","아티스트컴퍼니","KOSDAQ","IT 서비스","3540","-160","-4.32","55193471040"
"001540","안국약품","KOSDAQ","제약","7840","-10","-0.13","102252572800"
"053800","안랩","KOSDAQ","IT 서비스","61300","-1200","-1.92","682054817800"
"065660","안트로젠","KOSDAQ","유통","43900","500","1.15","439267790000"
"297570","알로이스","KOSDAQ","전기·전자","1379","36","2.68","47742659622"
"260660","알리코제약","KOSDAQ","제약","3265","-80","-2.39","50042723565"
"354320","알멕","KOSDAQ","금속","47100","-1950","-3.98","301034045100"
"361570","알비더블유","KOSDAQ","오락·문화","2025","-55","-2.64","58205164275"
"131370","알서포트","KOSDAQ","IT 서비스","2185","-5","-0.23","116388576355"
"140670","알에스오토메이션","KOSDAQ","전기·전자","18160","-1100","-5.71","233171494400"
"096610","알에프세미","KOSDAQ","전기·전자","2965","0","0.00","51550708615"
"061040","알에프텍","KOSDAQ","전기·전자","1699","-76","-4.28","54519651041"
"148250","알엔투테크놀로지","KOSDAQ","전기·전자","3245","180","5.87","30654450640"
"123010","알엔티엑스","KOSDAQ","전기·전자","1397","110","8.55","45623983174"
"476830","알지노믹스","KOSDAQ","일반서비스","214000","18400","9.41","2981842188000"
"347860","알체라","KOSDAQ","IT 서비스","1778","39","2.24","68828088658"
"196170","알테오젠","KOSDAQ","일반서비스","360000","5000","1.41","19262083680000"
"123750","알톤","KOSDAQ","운송장비·부품","2290","-30","-1.29","31646103110"
"459550","알트","KOSDAQ","전기·전자","3030","-125","-3.96","75955340070"
"085810","알티캐스트","KOSDAQ","IT 서비스","458","-21","-4.38","30020082198"
"043100","알파AI","KOSDAQ","의료·정밀기기","768","-46","-5.65","15444541440"
"117670","알파칩스","KOSDAQ","전기·전자","16590","-860","-4.93","110518299780"
"314140","알피바이오","KOSDAQ","제약","6460","20","0.31","55984692060"
"291650","압타머사이언스","KOSDAQ","일반서비스","1467","-127","-7.97","59057153964"
"293780","압타바이오","KOSDAQ","일반서비스","7010","-250","-3.44","196934769050"
"310200","애니플러스","KOSDAQ","오락·문화","2755","-85","-2.99","143708613180"
"179530","애드바이오텍","KOSDAQ","제약","1791","41","2.34","35246217330"
"397810","애드포러스","KOSDAQ","일반서비스","6200","-70","-1.12","31996774000"
"900100","애머릿지","KOSDAQ","유통","401","-8","-1.96","21156961302"
"0011A0","액스비스","KOSDAQ","전기·전자","29500","-900","-2.96","275345330000"
"052790","액토즈소프트","KOSDAQ","IT 서비스","5520","-110","-1.95","62545121760"
"290740","액트로","KOSDAQ","전기·전자","22700","400","1.79","228475749700"
"238090","앤디포스","KOSDAQ","화학","2925","-60","-2.01","68858311275"
"138360","앤로보틱스","KOSDAQ","기계·장비","1992","-153","-7.13","153367510224"
"092600","앤씨앤","KOSDAQ","전기·전자","809","186","29.86","20292565253"
"129890","앱코","KOSDAQ","전기·전자","935","17","1.85","42585137870"
"174900","앱클론","KOSDAQ","제약","79800","-1200","-1.48","1590055698000"
"109960","앱토크롬","KOSDAQ","유통","158","0","0.00","34884704502"
"270520","앱튼","KOSDAQ","일반서비스","196","-4","-2.00","38531472812"
"255440","야스","KOSDAQ","기계·장비","11000","-190","-1.70","143638000000"
"030960","양지사","KOSDAQ","출판·매체복제","7040","-250","-3.43","112499200000"
"102120","어보브반도체","KOSDAQ","전기·전자","11710","-450","-3.70","208212617630"
"238120","얼라인드","KOSDAQ","의료·정밀기기","4530","-75","-1.63","65136398880"
"019990","에너토크","KOSDAQ","기계·장비","9150","-170","-1.82","89268205200"
"435570","에르코스","KOSDAQ","음식료·담배","10200","-510","-4.76","77693226600"
"270660","에브리봇","KOSDAQ","전기·전자","18460","-630","-3.30","234268162180"
"038680","에스넷","KOSDAQ","IT 서비스","3180","-70","-2.15","63322201560"
"217480","에스디생명공학","KOSDAQ","화학","499","0","0.00","54756837359"
"121890","에스디시스템","KOSDAQ","전기·전자","1329","-29","-2.14","17664331734"
"304360","에스바이오메딕스","KOSDAQ","제약","32950","-800","-2.37","408089967600"
"389500","에스비비테크","KOSDAQ","기계·장비","49700","-1700","-3.31","330775715900"
"042110","에스씨디","KOSDAQ","전기·전자","1430","29","2.07","69111276520"
"298060","에스씨엠생명과학","KOSDAQ","제약","788","-37","-4.48","34832102688"
"065420","에스아이리소스","KOSDAQ","화학","183","-6","-3.17","13098645717"
"103230","에스앤더블류","KOSDAQ","기계·장비","3745","-5","-0.13","26964000000"
"260970","에스앤디","KOSDAQ","음식료·담배","54100","-1700","-3.05","156497991400"
"101490","에스앤에스텍","KOSDAQ","전기·전자","85900","-2900","-3.27","1832666106100"
"095910","에스에너지","KOSDAQ","전기·전자","1951","179","10.10","44683403771"
"275630","에스에스알","KOSDAQ","IT 서비스","2600","-10","-0.38","14653334800"
"031330","에스에이엠티","KOSDAQ","유통","5320","-80","-1.48","531973756440"
"060540","에스에이티","KOSDAQ","의료·정밀기기","1291","28","2.22","33738098046"
"056190","에스에프에이","KOSDAQ","기계·장비","28700","-1400","-4.65","1030581412000"
"0008Z0","에스엔시스","KOSDAQ","전기·전자","29900","-350","-1.16","282153263600"
"246250","에스엘에스바이오","KOSDAQ","일반서비스","1969","0","0.00","30220617614"
"041510","에스엠","KOSDAQ","오락·문화","97100","-2600","-2.61","2223074399000"
"460870","에스엠씨지","KOSDAQ","비금속","3405","5","0.15","67923975120"
"007820","에스엠코어","KOSDAQ","기계·장비","5460","-140","-2.50","109385345160"
"464080","에스오에스랩","KOSDAQ","의료·정밀기기","16680","-950","-5.39","296854543800"
"109610","에스와이","KOSDAQ","금속","2650","-55","-2.03","129604610000"
"365330","에스와이스틸텍","KOSDAQ","금속","3400","-75","-2.16","170581400000"
"306040","에스제이그룹","KOSDAQ","섬유·의류","8550","-190","-2.17","84352829400"
"398120","에스지헬스케어","KOSDAQ","의료·정밀기기","4005","-65","-1.60","47333136555"
"472230","에스케이증권제11호스팩","KOSDAQ","금융","2060","0","0.00","8559300000"
"473000","에스케이증권제12호스팩","KOSDAQ","금융","2060","0","0.00","6818600000"
"473950","에스케이증권제13호스팩","KOSDAQ","금융","2040","-5","-0.24","9016800000"
"475660","에스켐","KOSDAQ","화학","5430","-570","-9.50","43059004050"
"096630","에스코넥","KOSDAQ","전기·전자","833","-7","-0.83","66124886128"
"069510","에스텍","KOSDAQ","전기·전자","14710","-420","-2.78","160486100000"
"488280","에스투더블유","KOSDAQ","IT 서비스","15700","-670","-4.09","169079360200"
"234300","에스트래픽","KOSDAQ","IT 서비스","3300","-40","-1.20","89785674000"
"039440","에스티아이","KOSDAQ","기계·장비","33150","-1150","-3.35","514058608050"
"098660","에스티오","KOSDAQ","섬유·의류","1340","-6","-0.45","16751307840"
"052020","에스티큐브","KOSDAQ","유통","15700","-600","-3.68","1067337668700"
"237690","에스티팜","KOSDAQ","제약","149500","-6300","-4.04","3110698077500"
"458350","에스팀","KOSDAQ","일반서비스","15220","-70","-0.46","132158304000"
"050760","에스폴리텍","KOSDAQ","화학","1179","-8","-0.67","19258585362"
"288620","에스퓨얼셀","KOSDAQ","전기·전자","9800","470","5.04","68397296800"
"443670","에스피소프트","KOSDAQ","유통","4570","-145","-3.08","113068161440"
"317830","에스피시스템스","KOSDAQ","기계·장비","10080","-350","-3.36","108600085440"
"058610","에스피지","KOSDAQ","전기·전자","123200","-4300","-3.37","2732250752000"
"043340","에쎈테크","KOSDAQ","기계·장비","453","-12","-2.58","43035000000"
"163280","에어레인","KOSDAQ","기계·장비","6230","-110","-1.74","42373587970"
"200710","에이디테크놀로지","KOSDAQ","전기·전자","46600","200","0.43","626342305200"
"475580","에이럭스","KOSDAQ","기타제조","13910","890","6.84","189522359000"
"096690","에이루트","KOSDAQ","전기·전자","1130","-36","-3.09","27274869890"
"298380","에이비엘바이오","KOSDAQ","제약","190000","-5500","-2.81","10637617970000"
"203400","에이비온","KOSDAQ","일반서비스","2755","-130","-4.51","248229092520"
"195990","에이비프로바이오","KOSDAQ","기계·장비","2170","-50","-2.25","61777669240"
"003800","에이스침대","KOSDAQ","기타제조","34500","-100","-0.29","382605000000"
"088800","에이스테크","KOSDAQ","전기·전자","3325","10","0.30","251058893050"
"241840","에이스토리","KOSDAQ","오락·문화","5810","-160","-2.68","55427365140"
"364950","에이아이코리아","KOSDAQ","기계·장비","6650","340","5.39","55171359250"
"453860","에이에스텍","KOSDAQ","화학","14400","-300","-2.04","92799691200"
"312610","에이에프더블류","KOSDAQ","전기·전자","956","-9","-0.93","19365584928"
"172670","에이엘티","KOSDAQ","전기·전자","12100","590","5.13","108419133900"
"481070","에이유브랜즈","KOSDAQ","유통","18040","-960","-5.05","255446400000"
"060900","에이전트AI","KOSDAQ","전기·가스·수도","272","3","1.12","21711439296"
"445090","에이직랜드","KOSDAQ","전기·전자","27900","-800","-2.79","304825858200"
"295310","에이치브이엠","KOSDAQ","금속","92200","-4400","-4.55","1097358038200"
"072990","에이치시티","KOSDAQ","일반서비스","4795","30","0.63","69077757770"
"044990","에이치엔에스하이텍","KOSDAQ","전기·전자","15130","-260","-1.69","116280480250"
"239610","에이치엘사이언스","KOSDAQ","음식료·담배","7490","70","0.94","40386941350"
"036170","에이치엠넥스","KOSDAQ","전기·전자","4975","-105","-2.07","305293989350"
"462020","에이치엠씨제6호스팩","KOSDAQ","금융","2090","0","0.00","9081050000"
"477340","에이치엠씨제7호스팩","KOSDAQ","금융","2040","5","0.25","15320400000"
"148930","에이치와이티씨","KOSDAQ","금속","2805","-50","-1.75","28541472465"
"044780","에이치케이","KOSDAQ","기계·장비","1505","49","3.37","27851209435"
"357230","에이치피오","KOSDAQ","음식료·담배","2435","-65","-2.60","100549614060"
"355690","에이텀","KOSDAQ","전기·전자","5340","-320","-5.65","28862593200"
"071670","에이테크솔루션","KOSDAQ","기계·장비","8800","-350","-3.83","88000000000"
"045660","에이텍","KOSDAQ","전기·전자","9600","-230","-2.34","79296000000"
"224110","에이텍모빌리티","KOSDAQ","전기·전자","8950","30","0.34","47793000000"
"021080","에이티넘인베스트","KOSDAQ","금융","3030","-80","-2.57","145440000000"
"200470","에이팩트","KOSDAQ","전기·전자","7940","-410","-4.91","336355018420"
"262260","에이프로","KOSDAQ","전기·전자","5060","-110","-2.13","73208849120"
"397030","에이프릴바이오","KOSDAQ","일반서비스","62500","-3700","-5.59","1458914125000"
"0009K0","에임드바이오","KOSDAQ","일반서비스","56300","-4200","-6.94","3640986364300"
"230240","에치에프알","KOSDAQ","전기·전자","25500","0","0.00","339379500000"
"159910","에코글로우","KOSDAQ","화학","629","-17","-2.63","32919020065"
"230360","에코마케팅","KOSDAQ","일반서비스","15890","0","0.00","492570264620"
"038870","에코바이오","KOSDAQ","일반서비스","2905","20","0.69","40713426845"
"097780","에코볼트","KOSDAQ","운송장비·부품","790","-5","-0.63","50098564160"
"448280","에코아이","KOSDAQ","일반서비스","12770","-290","-2.22","378389517330"
"101360","에코앤드림","KOSDAQ","화학","17300","-500","-2.81","307699772200"
"128540","에코캡","KOSDAQ","운송장비·부품","1867","-43","-2.25","49831088820"
"086520","에코프로","KOSDAQ","금융","151100","-2900","-1.88","20515776567200"
"247540","에코프로비엠","KOSDAQ","전기·전자","189700","-6800","-3.46","18558433329800"
"383310","에코프로에이치엔","KOSDAQ","화학","29850","-1200","-3.86","626101720200"
"038110","에코플라스틱","KOSDAQ","운송장비·부품","2955","-60","-1.99","121655488350"
"073540","에프알텍","KOSDAQ","전기·전자","2310","-115","-4.74","26334000000"
"064850","에프앤가이드","KOSDAQ","IT 서비스","19910","-890","-4.28","227179710120"
"036810","에프에스티","KOSDAQ","전기·전자","43000","-1050","-2.38","944122964000"
"173940","에프엔씨엔터","KOSDAQ","오락·문화","3775","-65","-1.69","58107850200"
"083500","에프엔에스테크","KOSDAQ","기계·장비","16520","-370","-2.19","141670927440"
"054940","엑사이엔씨","KOSDAQ","건설","668","-2","-0.30","22159930064"
"950130","엑세스바이오","KOSDAQ","제약","2960","-60","-1.99","111674382720"
"373110","엑셀세라퓨틱스","KOSDAQ","제약","1409","-46","-3.16","24367801146"
"205100","엑셈","KOSDAQ","IT 서비스","1939","37","1.95","138565415212"
"356680","엑스게이트","KOSDAQ","IT 서비스","6900","-120","-1.71","196950094800"
"070300","엑스큐어","KOSDAQ","IT 서비스","1977","118","6.35","46078093206"
"317770","엑스페릭스","KOSDAQ","전기·전자","3220","-70","-2.13","117486674900"
"373200","엑스플러스","KOSDAQ","기타제조","885","100","12.74","99545315955"
"069920","엑시온그룹","KOSDAQ","유통","416","-34","-7.56","19336765344"
"092870","엑시콘","KOSDAQ","기계·장비","31750","-100","-0.31","414362804750"
"317870","엔바이오니아","KOSDAQ","기타제조","8560","-440","-4.89","75686621200"
"067570","엔브이에이치코리아","KOSDAQ","운송장비·부품","2195","-20","-0.90","92563150000"
"0004V0","엔비알모션","KOSDAQ","금속","18500","450","2.49","192482658000"
"236810","엔비티","KOSDAQ","일반서비스","1933","33","1.74","32813498458"
"333620","엔시스","KOSDAQ","전기·전자","6040","-50","-0.82","63760317760"
"101400","엔시트론","KOSDAQ","전기·전자","412","-16","-3.74","29025700760"
"475230","엔알비","KOSDAQ","금속","22050","-400","-1.78","238719804750"
"451700","엔에이치스팩29호","KOSDAQ","금융","2225","-35","-1.55","31928750000"
"466910","엔에이치스팩30호","KOSDAQ","금융","3815","10","0.26","34716500000"
"481890","엔에이치스팩31호","KOSDAQ","금융","2135","5","0.23","13546575000"
"0054V0","엔에이치스팩32호","KOSDAQ","금융","2065","-20","-0.96","12837072500"
"265740","엔에프씨","KOSDAQ","화학","8110","-100","-1.22","144873796000"
"354200","엔젠바이오","KOSDAQ","일반서비스","2045","5","0.25","54825938750"
"455900","엔젤로보틱스","KOSDAQ","기계·장비","27550","-750","-2.65","420058459050"
"419080","엔젯","KOSDAQ","기계·장비","5280","-60","-1.12","56417523360"
"183490","엔지켐생명과학","KOSDAQ","제약","1000","-9","-0.89","85065562000"
"182400","엔케이젠바이오텍코리아","KOSDAQ","제약","3670","0","0.00","265496721770"
"348370","엔켐","KOSDAQ","화학","53100","-2900","-5.18","1163473675200"
"069410","엔텔스","KOSDAQ","IT 서비스","4600","-125","-2.65","47126190400"
"227950","엔투텍","KOSDAQ","기계·장비","476","8","1.71","82129538372"
"291230","엔피","KOSDAQ","일반서비스","675","-17","-2.46","29764648125"
"048830","엔피케이","KOSDAQ","화학","875","1","0.11","16383432625"
"096870","엘디티","KOSDAQ","전기·전자","2230","20","0.90","18616037770"
"290650","엘앤씨바이오","KOSDAQ","제약","75400","-4400","-5.51","1873468550200"
"156100","엘앤케이바이오","KOSDAQ","의료·정밀기기","9070","-280","-2.99","202724957710"
"0041J0","엘에스스팩1호","KOSDAQ","금융","2020","-5","-0.25","8302200000"
"073110","엘엠에스","KOSDAQ","전기·전자","5290","50","0.95","47058543950"
"083310","엘오티베큠","KOSDAQ","기계·장비","13550","-130","-0.95","241325947150"
"037950","엘컴텍","KOSDAQ","전기·전자","715","-13","-1.79","60379976085"
"489500","엘케이켐","KOSDAQ","화학","36050","-450","-1.23","226323918800"
"170920","엘티씨","KOSDAQ","화학","34100","4150","13.86","360236696600"
"058630","엠게임","KOSDAQ","IT 서비스","5150","-140","-2.65","98893256100"
"226590","엠디바이스","KOSDAQ","전기·전자","36250","50","0.14","385365920000"
"058970","엠로","KOSDAQ","IT 서비스","30750","-650","-2.07","380097798000"
"169330","엠브레인","KOSDAQ","일반서비스","1919","-7","-0.36","35150165642"
"373170","엠아이큐브솔루션","KOSDAQ","IT 서비스","2450","-40","-1.61","37028785500"
"179290","엠아이텍","KOSDAQ","의료·정밀기기","6700","0","0.00","216850042600"
"009780","엠에스씨","KOSDAQ","음식료·담배","7040","-140","-1.95","123904000000"
"123040","엠에스오토텍","KOSDAQ","운송장비·부품","2485","-105","-4.05","155631323015"
"432980","엠에프씨","KOSDAQ","제약","3525","25","0.71","30285890550"
"413390","엠오티","KOSDAQ","기계·장비","7940","-400","-4.80","91946629200"
"032790","엠젠솔루션","KOSDAQ","유통","754","112","17.45","38725599848"
"033160","엠케이전자","KOSDAQ","전기·전자","17710","3260","22.56","404690714120"
"347890","엠투아이","KOSDAQ","의료·정밀기기","5480","-80","-1.44","92958357920"
"033310","엠투엔","KOSDAQ","전기·전자","1825","1","0.05","73624571575"
"259630","엠플러스","KOSDAQ","기계·장비","13060","510","4.06","157683619040"
"105550","엣지파운드리","KOSDAQ","전기·전자","1305","-72","-5.23","102190701555"
"060850","영림원소프트랩","KOSDAQ","IT 서비스","6080","30","0.50","49436480000"
"143540","영우디에스피","KOSDAQ","기계·장비","1172","-15","-1.26","52271076940"
"265560","영화테크","KOSDAQ","운송장비·부품","8140","-190","-2.28","87018065200"
"036000","예림당","KOSDAQ","오락·문화","3130","-5","-0.16","72097287010"
"250930","예선테크","KOSDAQ","화학","403","-11","-2.66","13299177320"
"053280","예스24","KOSDAQ","유통","3595","5","0.14","89875000000"
"122640","예스티","KOSDAQ","기계·장비","24650","150","0.61","526273087650"
"476040","오가노이드사이언스","KOSDAQ","일반서비스","26250","-2000","-7.08","172876200000"
"900300","오가닉티코스메틱","KOSDAQ","금융","131","4","3.15","32881638756"
"045060","오공","KOSDAQ","화학","2235","-10","-0.45","37865311890"
"192410","오늘이엔엠","KOSDAQ","전기·전자","1162","0","0.00","54220747826"
"080520","오디텍","KOSDAQ","전기·전자","3080","-85","-2.69","34873044360"
"039830","오로라","KOSDAQ","일반서비스","10230","-170","-1.63","110104364700"
"322310","오로스테크놀로지","KOSDAQ","기계·장비","33000","-700","-2.08","309095886000"
"046120","오르비텍","KOSDAQ","일반서비스","10980","1060","10.69","361199430540"
"475830","오름테라퓨틱","KOSDAQ","제약","124900","-4700","-3.63","2651922763200"
"014940","오리엔탈정공","KOSDAQ","기계·장비","7090","-180","-2.48","323117256490"
"065500","오리엔트정공","KOSDAQ","운송장비·부품","2225","-65","-2.84","70627979200"
"010470","오리콤","KOSDAQ","일반서비스","5900","0","0.00","70652795000"
"417860","오브젠","KOSDAQ","IT 서비스","9210","-50","-0.54","43258504260"
"352910","오비고","KOSDAQ","IT 서비스","4275","-65","-1.50","54026603550"
"053980","오상자이엘","KOSDAQ","IT 서비스","3210","-20","-0.62","60934733430"
"036220","오상헬스케어","KOSDAQ","의료·정밀기기","9660","-230","-2.33","140160958560"
"052420","오성첨단소재","KOSDAQ","화학","1376","-23","-1.64","125237578432"
"052300","오션인더블유","KOSDAQ","유통","1920","204","11.89","32381074560"
"039200","오스코텍","KOSDAQ","제약","57500","-900","-1.54","2199845120000"
"226400","오스테오닉","KOSDAQ","의료·정밀기기","6580","-70","-1.05","135953334580"
"031510","오스템","KOSDAQ","운송장비·부품","1017","-9","-0.88","28476000000"
"342870","오아","KOSDAQ","유통","6730","-50","-0.74","42049807220"
"368970","오에스피","KOSDAQ","음식료·담배","1573","6","0.38","14701509680"
"138080","오이솔루션","KOSDAQ","전기·전자","31600","-50","-0.16","380765558800"
"080580","오킨스전자","KOSDAQ","전기·전자","20850","1330","6.81","429117519600"
"067170","오텍","KOSDAQ","운송장비·부품","1761","-35","-1.95","42073116405"
"353590","오토앤","KOSDAQ","유통","2800","-60","-2.10","36051596000"
"173130","오파스넷","KOSDAQ","IT 서비스","7220","-50","-0.69","94195535060"
"440320","오픈놀","KOSDAQ","IT 서비스","3415","-25","-0.73","33569450000"
"049480","오픈베이스","KOSDAQ","IT 서비스","2135","-50","-2.29","67086787705"
"394280","오픈엣지테크놀로지","KOSDAQ","IT 서비스","15960","850","5.63","419375413800"
"476060","온코닉테라퓨틱스","KOSDAQ","일반서비스","25100","-150","-0.59","1126684784000"
"382150","온코크로스","KOSDAQ","일반서비스","6710","-250","-3.59","81834871470"
"244460","올리패스","KOSDAQ","제약","1651","0","0.00","13415218661"
"226950","올릭스","KOSDAQ","일반서비스","181800","-8200","-4.32","3670520729400"
"057540","옴니시스템","KOSDAQ","의료·정밀기기","794","-9","-1.12","47202787870"
"131030","옵투스제약","KOSDAQ","제약","10300","-140","-1.34","181759877000"
"082210","옵트론텍","KOSDAQ","의료·정밀기기","2055","20","0.98","68210328570"
"109080","옵티시스","KOSDAQ","전기·전자","9900","-350","-3.41","55796400000"
"380540","옵티코어","KOSDAQ","전기·전자","4120","-110","-2.60","201027848040"
"153710","옵티팜","KOSDAQ","제약","5080","-10","-0.20","74523386640"
"432430","와이랩","KOSDAQ","오락·문화","3290","-70","-2.08","54312372800"
"338840","와이바이오로직스","KOSDAQ","일반서비스","35600","700","2.01","540339683600"
"122990","와이솔","KOSDAQ","전기·전자","7460","-140","-1.84","198727544260"
"232140","와이씨","KOSDAQ","기계·장비","20700","-450","-2.13","1698338745000"
"112290","와이씨켐","KOSDAQ","화학","26800","-450","-1.65","270962606000"
"065530","와이어블","KOSDAQ","통신","1405","-24","-1.68","67213456395"
"067900","와이엔텍","KOSDAQ","일반서비스","7060","-170","-2.35","128489592540"
"007530","와이엠","KOSDAQ","금속","2490","20","0.81","55413035190"
"155650","와이엠씨","KOSDAQ","전기·전자","3580","-60","-1.65","69718201640"
"273640","와이엠텍","KOSDAQ","전기·전자","7110","-170","-2.34","77968260000"
"251370","와이엠티","KOSDAQ","화학","12400","-600","-4.62","218537724000"
"209640","와이제이링크","KOSDAQ","기계·장비","4945","-165","-3.23","140651356970"
"096250","와이즈넛","KOSDAQ","IT 서비스","10680","-340","-3.09","139871004480"
"273060","와이즈버즈","KOSDAQ","일반서비스","1079","-31","-2.79","54445888978"
"019210","와이지-원","KOSDAQ","금속","12810","880","7.38","476451655680"
"122870","와이지엔터테인먼트","KOSDAQ","오락·문화","60100","-2100","-3.38","1123332044900"
"079000","와토스코리아","KOSDAQ","화학","7350","-670","-8.35","52920000000"
"403490","우듬지팜","KOSDAQ","음식료·담배","1277","-23","-1.77","58655756528"
"032820","우리기술","KOSDAQ","전기·전자","28950","-350","-1.19","4894997635650"
"041190","우리기술투자","KOSDAQ","금융","6800","-250","-3.55","571200000000"
"115440","우리넷","KOSDAQ","전기·전자","7840","130","1.69","84627249280"
"046970","우리로","KOSDAQ","유통","2085","480","29.91","91375122915"
"082850","우리바이오","KOSDAQ","음식료·담배","1866","-9","-0.48","90419974548"
"215360","우리산업","KOSDAQ","운송장비·부품","8410","-150","-1.75","76801490830"
"072470","우리산업홀딩스","KOSDAQ","운송장비·부품","3840","-85","-2.17","72527389440"
"073560","우리손에프앤지","KOSDAQ","음식료·담배","1665","-22","-1.30","115280675595"
"037400","우리엔터프라이즈","KOSDAQ","유통","975","1","0.10","25567762350"
"153490","우리이앤엘","KOSDAQ","전기·전자","795","15","1.92","40926600000"
"101170","우림피티에스","KOSDAQ","기계·장비","13480","-520","-3.71","181980000000"
"066590","우수AMS","KOSDAQ","운송장비·부품","2745","0","0.00","106170937065"
"103840","우양","KOSDAQ","음식료·담배","2930","-55","-1.84","47953634040"
"101970","우양에이치씨","KOSDAQ","금속","12100","210","1.77","178959108900"
"046940","우원개발","KOSDAQ","건설","4450","-80","-1.77","80430857500"
"215380","우정바이오","KOSDAQ","일반서비스","2945","-115","-3.76","49563101320"
"065680","우주일렉트로","KOSDAQ","전기·전자","30000","-200","-0.66","277214130000"
"018620","우진비앤지","KOSDAQ","제약","694","12","1.76","20049169342"
"457550","우진엔텍","KOSDAQ","일반서비스","28350","-450","-1.56","264192459300"
"396470","워트","KOSDAQ","기계·장비","6970","-110","-1.55","112356400000"
"307280","원바이오젠","KOSDAQ","제약","7060","10","0.14","50088066620"
"032940","원익","KOSDAQ","유통","10290","-510","-4.72","187208336700"
"240810","원익IPS","KOSDAQ","기계·장비","120900","-3600","-2.89","5934243630900"
"074600","원익QnC","KOSDAQ","비금속","33750","-300","-0.88","887220000000"
"104830","원익머트리얼즈","KOSDAQ","화학","43200","-1050","-2.37","544665600000"
"014190","원익큐브","KOSDAQ","유통","1749","-59","-3.26","61914435594"
"217820","원익피앤이","KOSDAQ","기계·장비","3145","-145","-4.41","149244588055"
"030530","원익홀딩스","KOSDAQ","화학","32500","-1700","-4.97","2510234382500"
"012620","원일특강","KOSDAQ","금속","8730","-20","-0.23","38412000000"
"136150","원일티엔아이","KOSDAQ","기계·장비","16470","-240","-1.44","138035564100"
"382840","원준","KOSDAQ","기계·장비","8750","-350","-3.85","133626333750"
"336570","원텍","KOSDAQ","의료·정밀기기","6920","-130","-1.84","622584767240"
"376980","원티드랩","KOSDAQ","IT 서비스","3460","-40","-1.14","33791723240"
"008370","원풍","KOSDAQ","화학","4950","-30","-0.60","59400000000"
"008290","원풍물산","KOSDAQ","섬유·의류","368","-3","-0.81","14975273872"
"101160","월덱스","KOSDAQ","전기·전자","31050","-1500","-4.61","512666332650"
"336060","웨이버스","KOSDAQ","IT 서비스","1022","6","0.59","49214614400"
"095270","웨이브일렉트로","KOSDAQ","의료·정밀기기","5030","-120","-2.33","72293202180"
"289930","웨이비스","KOSDAQ","전기·전자","19900","450","2.31","259078299000"
"065950","웰크론","KOSDAQ","섬유·의류","1592","-23","-1.42","44944232784"
"076080","웰크론한텍","KOSDAQ","건설","1206","-23","-1.87","27248552136"
"043590","웰킵스하이텍","KOSDAQ","전기·전자","640","-12","-1.84","17367527680"
"196700","웹스","KOSDAQ","화학","2155","-80","-3.58","30954730320"
"069080","웹젠","KOSDAQ","IT 서비스","12130","-460","-3.65","419708722920"
"053580","웹케시","KOSDAQ","IT 서비스","8700","-220","-2.47","118635357600"
"479960","위너스","KOSDAQ","전기·전자","9780","-120","-1.21","67002780000"
"377460","위니아에이드","KOSDAQ","일반서비스","4080","0","0.00","253187202960"
"044340","위닉스","KOSDAQ","전기·전자","5070","140","2.84","90618264750"
"330350","위더스제약","KOSDAQ","제약","8150","-90","-1.09","107597432850"
"348350","위드텍","KOSDAQ","의료·정밀기기","9890","-200","-1.98","98688354000"
"112040","위메이드","KOSDAQ","IT 서비스","22100","-800","-3.49","750261474300"
"101730","위메이드맥스","KOSDAQ","IT 서비스","5120","-160","-3.03","429072824320"
"123420","위메이드플레이","KOSDAQ","IT 서비스","6720","-150","-2.18","70911684480"
"065370","위세아이텍","KOSDAQ","IT 서비스","4990","-120","-2.35","36845930460"
"038620","위즈코프","KOSDAQ","유통","637","2","0.31","48239669205"
"299900","위지윅스튜디오","KOSDAQ","오락·문화","441","-7","-1.56","75432557844"
"036090","위지트","KOSDAQ","기계·장비","600","9","1.52","71035370400"
"459100","위츠","KOSDAQ","전기·전자","5990","-50","-0.83","80056350000"
"136540","윈스테크넷","KOSDAQ","IT 서비스","11440","-80","-0.69","140480294240"
"097800","윈팩","KOSDAQ","전기·전자","413","1","0.24","56353944577"
"192390","윈하이텍","KOSDAQ","금속","2045","-5","-0.24","22560908305"
"335870","윙스풋","KOSDAQ","유통","2090","60","2.96","35008488570"
"900340","윙입푸드","KOSDAQ","금융","655","5","0.77","32966757840"
"036200","유니셈","KOSDAQ","기계·장비","10050","-140","-1.37","308175441150"
"018000","유니슨","KOSDAQ","기계·장비","1393","-34","-2.38","341514279442"
"203450","유니온바이오메트릭스","KOSDAQ","전기·전자","3065","0","0.00","43152156455"
"011320","유니크","KOSDAQ","운송장비·부품","3770","-85","-2.20","72839020150"
"086390","유니테스트","KOSDAQ","기계·장비","18320","-950","-4.93","387177188320"
"241690","유니테크노","KOSDAQ","운송장비·부품","3850","-120","-3.02","94212218100"
"142210","유니트론텍","KOSDAQ","유통","5520","-220","-3.83","114547744560"
"389680","유디엠텍","KOSDAQ","IT 서비스","622","-25","-3.86","25870513230"
"088340","유라클","KOSDAQ","IT 서비스","12040","-110","-0.91","52546990720"
"048430","유라테크","KOSDAQ","전기·전자","7620","-90","-1.17","87782400000"
"206650","유바이오로직스","KOSDAQ","제약","14320","100","0.70","525877756240"
"089850","유비벨록스","KOSDAQ","IT 서비스","5380","40","0.75","79248470620"
"084440","유비온","KOSDAQ","IT 서비스","993","-40","-3.87","19574810400"
"032620","유비케어","KOSDAQ","IT 서비스","3985","-85","-2.09","208005598915"
"264450","유비쿼스","KOSDAQ","전기·전자","13980","-220","-1.55","205023592140"
"078070","유비쿼스홀딩스","KOSDAQ","금융","15740","-160","-1.01","277099111280"
"024800","유성티엔에스","KOSDAQ","운송·창고","3735","55","1.49","138388517820"
"054930","유신","KOSDAQ","일반서비스","23150","-250","-1.07","69450000000"
"069330","유아이디","KOSDAQ","전기·전자","1041","-19","-1.79","14772925731"
"049520","유아이엘","KOSDAQ","전기·전자","3845","-105","-2.66","123991268380"
"444920","유안타제11호스팩","KOSDAQ","금융","2095","0","0.00","10977800000"
"473050","유안타제15호스팩","KOSDAQ","금융","2060","-5","-0.24","14440600000"
"474490","유안타제16호스팩","KOSDAQ","금융","2045","-10","-0.49","11267950000"
"493790","유안타제17호스팩","KOSDAQ","금융","2015","0","0.00","10699650000"
"263770","유에스티","KOSDAQ","금속","1973","-37","-1.84","46760439356"
"388720","유일로보틱스","KOSDAQ","기계·장비","100900","-6600","-6.14","1188737710500"
"340930","유일에너테크","KOSDAQ","기계·장비","1019","-52","-4.86","70184424915"
"023410","유진기업","KOSDAQ","비금속","4195","-55","-1.29","324319070285"
"056080","유진로봇","KOSDAQ","기계·장비","28600","-1250","-4.19","1072847547200"
"468760","유진스팩10호","KOSDAQ","금융","2090","5","0.24","8861600000"
"488060","유진스팩11호","KOSDAQ","금융","2055","0","0.00","9699600000"
"0105P0","유진스팩12호","KOSDAQ","금융","2015","0","0.00","11404900000"
"084370","유진테크","KOSDAQ","기계·장비","131900","2600","2.01","3022625939800"
"240600","유진테크놀로지","KOSDAQ","금속","3150","-180","-5.41","21823675650"
"221800","유투바이오","KOSDAQ","일반서비스","20750","-1850","-8.19","330598835500"
"179900","유티아이","KOSDAQ","전기·전자","20550","-900","-4.20","406692966600"
"263050","유틸렉스","KOSDAQ","제약","959","0","0.00","35324626904"
"191410","육일씨엔에쓰","KOSDAQ","전기·전자","2600","-15","-0.57","29131063000"
"372170","윤성에프앤씨","KOSDAQ","기계·장비","28850","-1000","-3.35","230195534800"
"146060","율촌","KOSDAQ","금속","1575","-29","-1.81","37824562125"
"039020","이건홀딩스","KOSDAQ","종이·목재","3250","-30","-0.91","73400304250"
"067920","이글루","KOSDAQ","IT 서비스","5900","50","0.85","64877102100"
"044960","이글벳","KOSDAQ","유통","3900","-45","-1.14","49303343700"
"303530","이노뎁","KOSDAQ","IT 서비스","4250","5","0.12","31192020750"
"296640","이노룰스","KOSDAQ","IT 서비스","9350","230","2.52","48416656200"
"302430","이노메트리","KOSDAQ","기계·장비","6480","-70","-1.07","63719187840"
"462350","이노스페이스","KOSDAQ","운송장비·부품","17170","-920","-5.09","354561015100"
"274400","이노시뮬레이션","KOSDAQ","IT 서비스","3745","-155","-3.97","34028916285"
"073490","이노와이어리스","KOSDAQ","전기·전자","39900","-100","-0.25","303393455400"
"215790","이노인스트루먼트","KOSDAQ","전기·전자","387","-26","-6.30","15589578663"
"344860","이노진","KOSDAQ","화학","1496","-9","-0.60","17996880000"
"469610","이노테크","KOSDAQ","기계·장비","20000","-950","-4.53","177538000000"
"088390","이녹스","KOSDAQ","운송장비·부품","11860","-370","-3.03","111316109840"
"272290","이녹스첨단소재","KOSDAQ","전기·전자","31350","-1150","-3.54","624732078300"
"053350","이니텍","KOSDAQ","IT 서비스","3180","280","9.66","70026986700"
"452400","이닉스","KOSDAQ","운송장비·부품","8900","-240","-2.63","80735709200"
"264850","이랜시스","KOSDAQ","전기·전자","6350","-280","-4.22","192370786200"
"054210","이랜텍","KOSDAQ","전기·전자","9900","-360","-3.51","250382979000"
"009730","이렘","KOSDAQ","금속","549","-23","-4.02","34905831201"
"065440","이루온","KOSDAQ","IT 서비스","2145","-115","-5.09","58504917900"
"424870","이뮨온시아","KOSDAQ","일반서비스","8500","-510","-5.66","632092546500"
"115610","이미지스","KOSDAQ","전기·전자","1339","-64","-4.56","31650663382"
"478110","이베스트스팩6호","KOSDAQ","금융","2035","5","0.25","10215700000"
"131400","이브이첨단소재","KOSDAQ","전기·전자","1400","-8","-0.57","83428634800"
"351330","이삭엔지니어링","KOSDAQ","IT 서비스","7560","-80","-1.05","62661211200"
"080010","이상네트웍스","KOSDAQ","유통","6770","-10","-0.15","66583430670"
"086890","이수앱지스","KOSDAQ","제약","4860","-120","-2.41","197911301400"
"047560","이스트소프트","KOSDAQ","IT 서비스","13630","-330","-2.36","159958708660"
"900110","이스트아시아홀딩스","KOSDAQ","금융","823","-1","-0.12","21633989489"
"239340","이스트에이드","KOSDAQ","IT 서비스","1477","0","0.00","39848919418"
"067010","이씨에스","KOSDAQ","IT 서비스","2215","25","1.14","27231210000"
"456070","이엔셀","KOSDAQ","제약","15050","-510","-3.28","165191509000"
"102710","이엔에프테크놀로지","KOSDAQ","화학","56600","-2700","-4.55","808691517600"
"041520","이엘씨","KOSDAQ","의료·정밀기기","8160","-40","-0.49","99460036800"
"063760","이엘피","KOSDAQ","의료·정밀기기","2530","-35","-1.36","23592578900"
"123570","이엠넷","KOSDAQ","일반서비스","1975","10","0.51","43995254050"
"083470","이엠앤아이","KOSDAQ","화학","788","-20","-2.48","16816179252"
"095190","이엠코리아","KOSDAQ","금속","2270","-40","-1.73","148141248740"
"091120","이엠텍","KOSDAQ","전기·전자","6710","-440","-6.15","114962000560"
"039030","이오테크닉스","KOSDAQ","기계·장비","412500","2000","0.49","5081814375000"
"294090","이오플로우","KOSDAQ","의료·정밀기기","1490","0","0.00","61207866450"
"088290","이원컴포텍","KOSDAQ","운송장비·부품","469","-61","-11.51","18703890716"
"353810","이지바이오","KOSDAQ","음식료·담배","6860","-90","-1.29","226941971200"
"261520","이지스","KOSDAQ","IT 서비스","9480","-240","-2.47","97108190400"
"099750","이지케어텍","KOSDAQ","IT 서비스","8730","40","0.46","119244580290"
"377330","이지트로닉스","KOSDAQ","전기·전자","3205","-10","-0.31","26088552570"
"035810","이지홀딩스","KOSDAQ","음식료·담배","5870","-30","-0.51","378710005950"
"092130","이크레더블","KOSDAQ","IT 서비스","15110","-60","-0.40","181978796000"
"134060","이퓨쳐","KOSDAQ","오락·문화","3830","-50","-1.29","18266227500"
"001840","이화공영","KOSDAQ","건설","2215","0","0.00","36027920805"
"041830","인바디","KOSDAQ","의료·정밀기기","28650","-750","-2.55","386227269300"
"352940","인바이오","KOSDAQ","화학","2070","73","3.66","22496201100"
"079950","인베니아","KOSDAQ","기계·장비","1496","-212","-12.41","20643453600"
"389470","인벤티지랩","KOSDAQ","일반서비스","78800","-5100","-6.08","1046252422000"
"277410","인산가","KOSDAQ","음식료·담배","1127","-5","-0.44","43289766135"
"060150","인선이엔티","KOSDAQ","일반서비스","4040","-85","-2.06","188116992480"
"033230","인성정보","KOSDAQ","IT 서비스","1540","-43","-2.72","77793685200"
"450520","인스웨이브","KOSDAQ","IT 서비스","2900","70","2.47","42643276200"
"465480","인스피언","KOSDAQ","IT 서비스","5040","10","0.20","51094370880"
"037330","인지디스플레","KOSDAQ","전기·전자","1379","-10","-0.72","60517723896"
"100030","인지소프트","KOSDAQ","IT 서비스","18850","-50","-0.26","61898008900"
"211050","인카금융서비스","KOSDAQ","금융","12620","-180","-1.41","621707351340"
"083640","인콘","KOSDAQ","유통","400","-13","-3.15","31088140400"
"064090","인크레더블버즈","KOSDAQ","유통","798","0","0.00","39694710510"
"216050","인크로스","KOSDAQ","일반서비스","7010","-120","-1.68","90030986220"
"049070","인탑스","KOSDAQ","전기·전자","17690","-520","-2.86","304268000000"
"119610","인터로조","KOSDAQ","의료·정밀기기","18390","-440","-2.34","209898807330"
"017250","인터엠","KOSDAQ","전기·전자","1050","-2","-0.19","22097740350"
"051370","인터플렉스","KOSDAQ","전기·전자","13170","20","0.15","307222806240"
"064290","인텍플러스","KOSDAQ","기계·장비","17950","2110","13.32","230908117900"
"189300","인텔리안테크","KOSDAQ","전기·전자","123400","-4000","-3.14","1325007129800"
"287840","인투셀","KOSDAQ","일반서비스","47600","-1800","-3.64","715045296000"
"048530","인트론바이오","KOSDAQ","제약","4610","-260","-5.34","153013031670"
"115310","인포바인","KOSDAQ","통신","74500","-200","-0.27","237869783500"
"039290","인포뱅크","KOSDAQ","IT 서비스","4580","50","1.10","39818419240"
"071200","인피니트헬스케어","KOSDAQ","IT 서비스","6480","-220","-3.28","158089047840"
"101930","인화정공","KOSDAQ","운송장비·부품","51100","-400","-0.78","471800270200"
"333430","일승","KOSDAQ","운송장비·부품","5670","-50","-0.87","174220655490"
"068330","일신바이오","KOSDAQ","기계·장비","1423","-29","-2.00","62919567220"
"178780","일월지엠엘","KOSDAQ","유통","2760","0","0.00","51444178200"
"019540","일지테크","KOSDAQ","운송장비·부품","6700","-150","-2.19","90540450000"
"094820","일진파워","KOSDAQ","건설","17500","-250","-1.41","263877407500"
"950140","잉글우드랩","KOSDAQ","화학","12790","150","1.19","254110006140"
"049550","잉크테크","KOSDAQ","화학","3265","-10","-0.31","64014494405"
"389020","자람테크놀로지","KOSDAQ","전기·전자","54100","-1400","-2.52","342254939900"
"254120","자비스","KOSDAQ","기계·장비","1224","0","0.00","37643226480"
"043910","자연과환경","KOSDAQ","비금속","495","2","0.41","56128771215"
"234920","자이글","KOSDAQ","전기·전자","5310","0","0.00","71849132100"
"289220","자이언트스텝","KOSDAQ","오락·문화","3515","5","0.14","78427456815"
"049630","재영솔루텍","KOSDAQ","의료·정밀기기","3065","-45","-1.45","358291021400"
"417840","저스템","KOSDAQ","기계·장비","7340","180","2.51","165690084540"
"110020","전진바이오팜","KOSDAQ","화학","2450","-220","-8.24","22193966900"
"208140","정다운","KOSDAQ","음식료·담배","2500","-5","-0.20","81710615000"
"040420","정상제이엘에스","KOSDAQ","일반서비스","5820","10","0.17","91243352640"
"045510","정원엔시스","KOSDAQ","유통","767","0","0.00","24704526964"
"217190","제너셈","KOSDAQ","기계·장비","6240","-200","-3.11","82079468640"
"095700","제넥신","KOSDAQ","일반서비스","4575","-190","-3.99","208347760050"
"122310","제노레이","KOSDAQ","의료·정밀기기","4325","-45","-1.03","62945375300"
"361390","제노코","KOSDAQ","전기·전자","29100","-650","-2.18","273667952700"
"225220","제놀루션","KOSDAQ","제약","1797","-9","-0.50","34484467737"
"123330","제닉","KOSDAQ","화학","23550","-1050","-4.27","187662414000"
"381620","제닉스로보틱스","KOSDAQ","기계·장비","10030","-200","-1.96","131572737600"
"159580","제로투세븐","KOSDAQ","유통","3575","-70","-1.92","71616673700"
"147830","제룡산업","KOSDAQ","금속","7740","-90","-1.15","154800000000"
"033100","제룡전기","KOSDAQ","전기·전자","48600","-1300","-2.61","780633077400"
"079370","제우스","KOSDAQ","기계·장비","17860","-450","-2.46","553963441400"
"054950","제이브이엠","KOSDAQ","기계·장비","24850","-450","-1.78","300433816200"
"023440","제이스코홀딩스","KOSDAQ","금속","686","40","6.19","61837934046"
"090470","제이스텍","KOSDAQ","기계·장비","9950","190","1.95","173892110300"
"137950","제이씨케미칼","KOSDAQ","화학","4010","280","7.51","89293934140"
"033320","제이씨현시스템","KOSDAQ","유통","5100","-30","-0.58","97483603200"
"417500","제이아이테크","KOSDAQ","화학","5920","140","2.42","194085684480"
"204270","제이앤티씨","KOSDAQ","전기·전자","17930","-650","-3.50","1037222995380"
"127120","제이에스링크","KOSDAQ","일반서비스","39250","600","1.55","1339175146000"
"026040","제이에스티나","KOSDAQ","기타제조","2790","-90","-3.13","46045574100"
"452160","제이엔비","KOSDAQ","기계·장비","5700","-170","-2.90","54819903900"
"126880","제이엔케이글로벌","KOSDAQ","기계·장비","3660","-15","-0.41","84929944980"
"322510","제이엘케이","KOSDAQ","IT 서비스","7700","-450","-5.52","198089368400"
"033050","제이엠아이","KOSDAQ","화학","870","-14","-1.58","28344027540"
"094970","제이엠티","KOSDAQ","전기·전자","2915","80","2.82","48821119600"
"418550","제이오","KOSDAQ","일반서비스","7920","-370","-4.46","253579970160"
"060230","제이케이시냅스","KOSDAQ","화학","1842","0","0.00","17976748488"
"420570","제이투케이바이오","KOSDAQ","화학","7610","-40","-0.52","44499345630"
"089790","제이티","KOSDAQ","기계·장비","6060","130","2.19","62512008780"
"0010V0","제이피아이헬스케어","KOSDAQ","의료·정밀기기","12000","-280","-2.28","61264800000"
"412540","제일엠앤에스","KOSDAQ","기계·장비","3935","0","0.00","81063616775"
"199820","제일일렉트릭","KOSDAQ","전기·전자","11510","-320","-2.70","255752200000"
"038010","제일테크노스","KOSDAQ","금속","6150","10","0.16","55350000000"
"080220","제주반도체","KOSDAQ","전기·전자","42900","-1400","-3.16","1477597535700"
"216080","제테마","KOSDAQ","제약","8520","-240","-2.74","317021523480"
"337930","젝시믹스","KOSDAQ","IT 서비스","4410","-140","-3.08","130873254750"
"229000","젠큐릭스","KOSDAQ","제약","3150","-100","-3.08","73798719750"
"082270","젬백스","KOSDAQ","기계·장비","38200","-1750","-4.38","1687889270600"
"034940","조아제약","KOSDAQ","제약","852","-21","-2.41","26394812604"
"067000","조이시티","KOSDAQ","IT 서비스","2330","-185","-7.36","162875029180"
"309930","조이웍스앤코","KOSDAQ","유통","850","-5","-0.58","20813990800"
"033340","좋은사람들","KOSDAQ","섬유·의류","1710","-80","-4.47","165785454180"
"036930","주성엔지니어링","KOSDAQ","기계·장비","61000","-1900","-3.02","2835348381000"
"072020","중앙백신","KOSDAQ","제약","9230","-20","-0.22","87303681010"
"000440","중앙에너비스","KOSDAQ","유통","29650","950","3.31","184634404500"
"051980","중앙첨단소재","KOSDAQ","전기·전자","1613","-69","-4.10","179190926617"
"228760","지노믹트리","KOSDAQ","일반서비스","19310","-840","-4.17","475532655780"
"314130","지놈앤컴퍼니","KOSDAQ","제약","8460","-290","-3.31","295194619260"
"389030","지니너스","KOSDAQ","일반서비스","6130","80","1.32","204848937850"
"263860","지니언스","KOSDAQ","IT 서비스","13900","-290","-2.04","126206440000"
"303030","지니틱스","KOSDAQ","전기·전자","832","55","7.08","30845309248"
"208350","지란지교시큐리티","KOSDAQ","IT 서비스","2790","20","0.72","23719380300"
"446840","지슨","KOSDAQ","의료·정밀기기","1401","0","0.00","77171399283"
"144510","지씨셀","KOSDAQ","일반서비스","25450","-1100","-4.14","402118754800"
"340450","지씨지놈","KOSDAQ","일반서비스","7900","-10","-0.13","186841264700"
"306620","지아이에스","KOSDAQ","기계·장비","3565","215","6.42","163152260650"
"358570","지아이이노베이션","KOSDAQ","일반서비스","14620","-150","-1.02","936982875920"
"382480","지아이텍","KOSDAQ","기계·장비","2245","-75","-3.23","88356779300"
"382800","지앤비에스 에코","KOSDAQ","기계·장비","4320","-105","-2.37","137510097120"
"051160","지어소프트","KOSDAQ","IT 서비스","8070","-110","-1.34","124878650100"
"053050","지에스이","KOSDAQ","전기·가스·수도","3315","545","19.68","99408884055"
"388610","지에프씨생명과학","KOSDAQ","화학","10080","-230","-2.23","53058186720"
"493330","지에프아이","KOSDAQ","기계·장비","14400","-150","-1.03","110622902400"
"119850","지엔씨에너지","KOSDAQ","전기·전자","33650","-1300","-3.72","553505787850"
"065060","지엔코","KOSDAQ","섬유·의류","541","6","1.12","12876234964"
"204840","지엘팜텍","KOSDAQ","유통","1102","19","1.75","85459004612"
"311320","지오엘리먼트","KOSDAQ","전기·전자","7210","-20","-0.28","90950977600"
"456160","지투지바이오","KOSDAQ","제약","86900","-4700","-5.13","1437791697100"
"388050","지투파워","KOSDAQ","전기·전자","11710","-10","-0.09","219087507270"
"018120","진로발효","KOSDAQ","음식료·담배","17990","-20","-0.11","119113948800"
"109820","진매트릭스","KOSDAQ","일반서비스","2060","-30","-1.44","42010898400"
"086060","진바이오텍","KOSDAQ","유통","5180","70","1.37","44602840660"
"036890","진성티이씨","KOSDAQ","기계·장비","16120","-280","-1.71","355165882760"
"363250","진시스템","KOSDAQ","의료·정밀기기","5830","-90","-1.52","45228766880"
"007370","진양제약","KOSDAQ","제약","4520","-60","-1.31","63888333240"
"285800","진영","KOSDAQ","화학","1454","97","7.15","25411950580"
"085660","차바이오텍","KOSDAQ","제약","18750","-550","-2.85","1732983656250"
"261780","차백신연구소","KOSDAQ","일반서비스","4085","940","29.89","109744529910"
"351870","차이커뮤니케이션","KOSDAQ","일반서비스","3955","-140","-3.42","44140339110"
"094850","참좋은여행","KOSDAQ","일반서비스","5220","-50","-0.95","73080000000"
"004650","창해에탄올","KOSDAQ","음식료·담배","9580","-110","-1.14","88048678300"
"278280","천보","KOSDAQ","화학","47000","-1300","-2.69","565184306000"
"362320","청담글로벌","KOSDAQ","유통","5020","-90","-1.76","106179475800"
"066360","체리부로","KOSDAQ","음식료·담배","1077","-36","-3.23","51644320155"
"047820","초록뱀미디어","KOSDAQ","오락·문화","4180","-130","-3.02","102217427400"
"094360","칩스앤미디어","KOSDAQ","전기·전자","16710","-430","-2.51","356494047540"
"0082N0","카나프테라퓨틱스","KOSDAQ","일반서비스","45400","-1050","-2.26","588203762000"
"016920","카스","KOSDAQ","유통","953","-4","-0.42","25248341714"
"284620","카이노스메드","KOSDAQ","일반서비스","1087","0","0.00","35965517911"
"293490","카카오게임즈","KOSDAQ","IT 서비스","13750","210","1.55","1234570026250"
"140430","카티스","KOSDAQ","IT 서비스","633","-4","-0.63","33832292187"
"042000","카페24","KOSDAQ","IT 서비스","29200","-1600","-5.19","708189176800"
"313760","캐리","KOSDAQ","전기·전자","677","94","16.12","7587264922"
"317530","캐리소프트","KOSDAQ","오락·문화","3955","-175","-4.24","69192258310"
"071850","캐스텍코리아","KOSDAQ","운송장비·부품","1563","64","4.27","37919846094"
"198080","캐프","KOSDAQ","전기·전자","2380","-60","-2.46","51253740300"
"210120","캔버스엔","KOSDAQ","오락·문화","1640","9","0.55","39749463920"
"050110","캠시스","KOSDAQ","전기·전자","1995","-3","-0.15","29455821885"
"452300","캡스톤파트너스","KOSDAQ","금융","3095","-130","-4.03","43854617975"
"451760","컨텍","KOSDAQ","IT 서비스","17020","-770","-4.33","268377334020"
"900310","컬러레이","KOSDAQ","금융","486","-15","-2.99","31124254050"
"078340","컴투스","KOSDAQ","IT 서비스","31900","-1400","-4.20","385712884700"
"063080","컴투스홀딩스","KOSDAQ","IT 서비스","18150","-340","-1.84","119702734800"
"307930","컴퍼니케이","KOSDAQ","금융","7470","-210","-2.73","116606700000"
"079190","케스피온","KOSDAQ","전기·전자","397","10","2.58","15227139058"
"263700","케어랩스","KOSDAQ","일반서비스","2540","85","3.46","49312068000"
"214370","케어젠","KOSDAQ","제약","110000","-3800","-3.34","5908650000000"
"221980","케이디켐","KOSDAQ","화학","10180","-10","-0.10","41074264000"
"038530","케이바이오","KOSDAQ","유통","340","-11","-3.13","39342877980"
"192250","케이사인","KOSDAQ","IT 서비스","10250","80","0.79","72438031250"
"431190","케이쓰리아이","KOSDAQ","IT 서비스","4115","-210","-4.86","30806708830"
"115500","케이씨에스","KOSDAQ","IT 서비스","9110","210","2.36","109320000000"
"089150","케이씨티","KOSDAQ","IT 서비스","3295","760","29.98","56509250000"
"025880","케이씨피드","KOSDAQ","음식료·담배","2955","25","0.85","49395360390"
"093320","케이아이엔엑스","KOSDAQ","IT 서비스","102900","-600","-0.58","502152000000"
"093640","케이알엠","KOSDAQ","전기·전자","5440","-340","-5.88","177566931200"
"073010","케이에스피","KOSDAQ","기계·장비","3560","-100","-2.73","143080850000"
"105330","케이엔더블유","KOSDAQ","운송장비·부품","7630","30","0.39","122538013640"
"053080","케이엔솔","KOSDAQ","기계·장비","11780","-190","-1.59","153137726460"
"199430","케이엔알시스템","KOSDAQ","의료·정밀기기","23750","-1250","-5.00","264671021250"
"432470","케이엔에스","KOSDAQ","기계·장비","14160","-370","-2.55","124205232960"
"272110","케이엔제이","KOSDAQ","전기·전자","38050","350","0.93","305366279750"
"039420","케이엘넷","KOSDAQ","통신","2885","-20","-0.69","69686396050"
"083550","케이엠","KOSDAQ","섬유·의류","3730","-5","-0.13","48306808510"
"032500","케이엠더블유","KOSDAQ","전기·전자","29200","350","1.21","1205710953200"
"225430","케이엠제약","KOSDAQ","화학","480","-50","-9.43","13385784000"
"102370","케이옥션","KOSDAQ","유통","3400","-75","-2.16","92579314000"
"068100","케이웨더","KOSDAQ","기계·장비","2720","-20","-0.73","27035750080"
"106080","케이이엠텍","KOSDAQ","전기·전자","330","0","0.00","9506999040"
"455180","케이지에이","KOSDAQ","기계·장비","2880","-120","-4.00","40199950080"
"036030","케이티알파","KOSDAQ","유통","4855","95","2.00","237988618965"
"064820","케이프","KOSDAQ","운송장비·부품","10750","-160","-1.47","332193576000"
"024880","케이피에프","KOSDAQ","금속","6250","-50","-0.79","125560456250"
"042040","케이피엠테크","KOSDAQ","유통","169","-3","-1.74","32979602006"
"054410","케이피티유","KOSDAQ","금속","3485","-55","-1.55","19956657340"
"258610","케일럼","KOSDAQ","금속","1620","-52","-3.11","59105802060"
"274090","켄코아에어로스페이스","KOSDAQ","운송장비·부품","20700","-950","-4.39","283785490800"
"089010","켐트로닉스","KOSDAQ","화학","29600","-850","-2.79","483643960800"
"220260","켐트로스","KOSDAQ","화학","5100","-260","-4.85","163567480500"
"052400","코나아이","KOSDAQ","IT 서비스","58500","-1600","-2.66","851952523500"
"402030","코난테크놀로지","KOSDAQ","IT 서비스","18760","-280","-1.47","234828074880"
"391710","코닉오토메이션","KOSDAQ","기계·장비","1872","-34","-1.78","79785519840"
"046070","코다코","KOSDAQ","운송장비·부품","10280","0","0.00","159196994920"
"047770","코데즈컴바인","KOSDAQ","섬유·의류","4455","-145","-3.15","168588791910"
"080530","코디","KOSDAQ","화학","797","8","1.01","44242167375"
"104540","코렌텍","KOSDAQ","의료·정밀기기","5810","-70","-1.19","74285149400"
"027050","코리아나","KOSDAQ","화학","1851","-34","-1.80","74040000000"
"190650","코리아에셋투자증권","KOSDAQ","금융","8410","-130","-1.52","53723080000"
"123410","코리아에프티","KOSDAQ","운송장비·부품","7330","-120","-1.61","204074999120"
"036690","코맥스","KOSDAQ","전기·전자","2885","0","0.00","125692107675"
"049430","코메론","KOSDAQ","의료·정밀기기","18330","-410","-2.19","165849840000"
"183300","코미코","KOSDAQ","기계·장비","118900","-1100","-0.92","1243775327600"
"041960","코미팜","KOSDAQ","제약","8190","-300","-3.53","605130394050"
"089890","코세스","KOSDAQ","기계·장비","26800","-1250","-4.46","444476981600"
"360350","코셈","KOSDAQ","의료·정밀기기","15780","760","5.06","90387366600"
"082660","코스나인","KOSDAQ","화학","480","0","0.00","47827617120"
"222040","코스맥스엔비티","KOSDAQ","음식료·담배","3560","-80","-2.20","73435680000"
"241710","코스메카코리아","KOSDAQ","화학","73800","-1300","-1.73","788184000000"
"355150","코스텍시스","KOSDAQ","전기·전자","23950","2250","10.37","186746532500"
"166480","코아스템켐온","KOSDAQ","제약","2300","-335","-12.71","121601864800"
"045970","코아시아","KOSDAQ","전기·전자","5050","-100","-1.94","132890123800"
"196450","코아시아씨엠","KOSDAQ","의료·정밀기기","1522","-23","-1.49","68976403804"
"384470","코어라인소프트","KOSDAQ","IT 서비스","3385","-50","-1.46","60749552420"
"102940","코오롱생명과학","KOSDAQ","제약","58300","-2800","-4.58","763182154900"
"950160","코오롱티슈진","KOSDAQ","제약","97200","-3500","-3.48","8092515762000"
"056360","코위버","KOSDAQ","전기·전자","5860","-340","-5.48","57409248000"
"282880","코윈테크","KOSDAQ","기계·장비","14700","-320","-2.13","168599739000"
"121850","코이즈","KOSDAQ","화학","2350","-45","-1.88","11883947650"
"448710","코츠테크놀로지","KOSDAQ","전기·전자","19550","-700","-3.46","103327458600"
"126730","코칩","KOSDAQ","전기·전자","19860","-240","-1.19","174174702360"
"015710","코콤","KOSDAQ","전기·전자","4005","45","1.14","70209652500"
"052330","코텍","KOSDAQ","전기·전자","10130","-10","-0.10","179924896570"
"322780","코퍼스코리아","KOSDAQ","오락·문화","307","-53","-14.72","13710001702"
"200130","콜마비앤에이치","KOSDAQ","제약","11510","-390","-3.28","338573072580"
"294570","쿠콘","KOSDAQ","IT 서비스","29600","-1150","-3.74","298715267200"
"464490","쿼드메디슨","KOSDAQ","제약","15050","-500","-3.22","172805800650"
"317690","퀀타매트릭스","KOSDAQ","의료·정밀기기","3600","-165","-4.38","72486104400"
"432720","퀄리타스반도체","KOSDAQ","전기·전자","13740","-490","-3.44","194511848880"
"365270","큐라클","KOSDAQ","일반서비스","17810","-510","-2.78","390476520460"
"348080","큐라티스","KOSDAQ","일반서비스","1086","-73","-6.30","114636622224"
"060280","큐렉소","KOSDAQ","유통","15520","-830","-5.08","637716644800"
"372320","큐로셀","KOSDAQ","일반서비스","46300","-1600","-3.34","695165562500"
"051780","큐로홀딩스","KOSDAQ","유통","694","-16","-2.25","17913004030"
"115180","큐리언트","KOSDAQ","일반서비스","45050","-1550","-3.33","1677386519250"
"494120","큐리오시스","KOSDAQ","의료·정밀기기","68200","-4800","-6.58","519444072400"
"445680","큐리옥스바이오시스템즈","KOSDAQ","의료·정밀기기","131700","-7900","-5.66","2254682006100"
"182360","큐브엔터","KOSDAQ","오락·문화","10840","-100","-0.91","168560363160"
"405100","큐알티","KOSDAQ","일반서비스","18300","480","2.69","224894208300"
"066310","큐에스아이","KOSDAQ","전기·전자","9910","10","0.10","91881764110"
"016600","큐캐피탈","KOSDAQ","금융","285","-13","-4.36","50800426920"
"355390","크라우드웍스","KOSDAQ","IT 서비스","2710","-80","-2.87","42213884090"
"096240","크레버스","KOSDAQ","일반서비스","11320","-80","-0.70","121556197600"
"040350","크레오에스지","KOSDAQ","IT 서비스","731","51","7.50","71347545191"
"110790","크리스에프앤씨","KOSDAQ","섬유·의류","4055","-330","-7.53","95012542800"
"900250","크리스탈신소재","KOSDAQ","금융","580","5","0.87","83090802320"
"045520","크린앤사이언스","KOSDAQ","기계·장비","3150","40","1.29","20475000000"
"214150","클래시스","KOSDAQ","의료·정밀기기","52500","-2000","-3.67","3424872097500"
"466100","클로봇","KOSDAQ","IT 서비스","56200","-1900","-3.27","1404558211800"
"237880","클리오","KOSDAQ","화학","11600","-220","-1.86","209627694800"
"139670","키네마스터","KOSDAQ","IT 서비스","1893","-22","-1.15","26726907330"
"475430","키스트론","KOSDAQ","전기·전자","4330","25","0.58","77282316300"
"487720","키움제10호스팩","KOSDAQ","금융","2080","-15","-0.72","8798400000"
"489480","키움제11호스팩","KOSDAQ","금융","2075","0","0.00","13695000000"
"466690","키움히어로제1호스팩","KOSDAQ","금융","2065","0","0.00","10521175000"
"054780","키이스트","KOSDAQ","오락·문화","2630","55","2.14","51699995590"
"256940","킵스파마","KOSDAQ","제약","7890","-170","-2.11","158416579830"
"219130","타이거일렉","KOSDAQ","전기·전자","32850","450","1.39","207424426500"
"336680","탑런토탈솔루션","KOSDAQ","전기·전자","3625","-25","-0.68","141902647750"
"360070","탑머티리얼","KOSDAQ","전기·전자","17700","-450","-2.48","144724811100"
"065130","탑엔지니어링","KOSDAQ","기계·장비","3050","-160","-4.98","48812200000"
"134580","탑코미디어","KOSDAQ","IT 서비스","1800","-7","-0.39","88729468200"
"023160","태광","KOSDAQ","금속","28900","100","0.35","747563293800"
"323280","태성","KOSDAQ","기계·장비","69400","-800","-1.14","2119335812000"
"053620","태양","KOSDAQ","금속","7180","150","2.13","61748000000"
"044490","태웅","KOSDAQ","금속","45300","1200","2.72","906334359300"
"124560","태웅로직스","KOSDAQ","운송·창고","2845","-15","-0.52","110160707295"
"191420","테고사이언스","KOSDAQ","제약","12780","-70","-0.54","103630898520"
"950250","테라뷰","KOSDAQ","금융","8560","-430","-4.78","304031777360"
"073640","테라사이언스","KOSDAQ","금속","654","0","0.00","69571715580"
"066700","테라젠이텍스","KOSDAQ","제약","2605","-60","-2.25","96781939480"
"095610","테스","KOSDAQ","기계·장비","66100","-2200","-3.22","1279696000000"
"064520","테크엘","KOSDAQ","전기·전자","1767","15","0.86","39494326554"
"089030","테크윙","KOSDAQ","기계·장비","58500","-3500","-5.65","2167638232500"
"054450","텔레칩스","KOSDAQ","전기·전자","12970","-390","-2.92","196420702010"
"200230","텔콘RF제약","KOSDAQ","제약","776","5","0.65","53174261608"
"393210","토마토시스템","KOSDAQ","IT 서비스","4470","-75","-1.65","69797011680"
"475960","토모큐브","KOSDAQ","의료·정밀기기","54800","-2200","-3.86","733403415200"
"215480","토박스코리아","KOSDAQ","유통","2200","75","3.53","20196000000"
"051360","토비스","KOSDAQ","전기·전자","15950","-340","-2.09","240003812950"
"045340","토탈소프트","KOSDAQ","IT 서비스","6880","-80","-1.15","58879315200"
"108230","톱텍","KOSDAQ","기계·장비","4410","125","2.92","167682510450"
"079970","투비소프트","KOSDAQ","IT 서비스","596","0","0.00","7646223464"
"199800","툴젠","KOSDAQ","일반서비스","47600","-1400","-2.86","428106260400"
"417790","트루엔","KOSDAQ","전기·전자","7750","130","1.71","81130030250"
"290090","트윔","KOSDAQ","IT 서비스","6010","-320","-5.06","44716010680"
"026150","특수건설","KOSDAQ","건설","6450","-100","-1.53","113173834950"
"464280","티디에스팜","KOSDAQ","제약","9020","-210","-2.28","49880600000"
"117730","티로보틱스","KOSDAQ","기계·장비","19950","-700","-3.39","442569084300"
"033830","티비씨","KOSDAQ","오락·문화","603","-1","-0.17","60300000000"
"057680","티사이언티픽","KOSDAQ","IT 서비스","596","-16","-2.61","42464106596"
"204610","티쓰리","KOSDAQ","IT 서비스","2595","-110","-4.07","141925013400"
"125020","티씨머티리얼즈","KOSDAQ","전기·전자","5420","-300","-5.24","189908941000"
"064760","티씨케이","KOSDAQ","비금속","242500","6500","2.75","2711008380000"
"246710","티앤알바이오팹","KOSDAQ","제약","3070","-130","-4.06","146036977360"
"340570","티앤엘","KOSDAQ","제약","46700","-2000","-4.11","379577600000"
"043220","티에스넥스젠","KOSDAQ","기계·장비","1710","0","0.00","27227331360"
"277880","티에스아이","KOSDAQ","기계·장비","4665","-205","-4.21","92568583980"
"131290","티에스이","KOSDAQ","의료·정밀기기","124800","4900","4.09","1380466339200"
"425420","티에프이","KOSDAQ","전기·전자","60700","3100","5.38","726015097000"
"484810","티엑스알로보틱스","KOSDAQ","기계·장비","16390","-710","-4.15","253240496850"
"131100","티엔엔터테인먼트","KOSDAQ","오락·문화","1292","0","0.00","41662767408"
"356860","티엘비","KOSDAQ","전기·전자","79800","8700","12.24","784643874000"
"321550","티움바이오","KOSDAQ","일반서비스","8550","-130","-1.50","248619926700"
"425040","티이엠씨","KOSDAQ","화학","11890","1060","9.79","253602784980"
"241790","티이엠씨씨엔에스","KOSDAQ","기계·장비","7900","320","4.22","79020808600"
"022220","티케이지애강","KOSDAQ","화학","523","-19","-3.51","27088564817"
"104480","티케이케미칼","KOSDAQ","화학","1915","22","1.16","174064756110"
"081150","티플랙스","KOSDAQ","금속","3315","25","0.76","80449752630"
"130740","티피씨글로벌","KOSDAQ","운송장비·부품","2245","90","4.18","25316144355"
"084730","팅크웨어","KOSDAQ","전기·전자","8660","30","0.35","96207611840"
"440110","파두","KOSDAQ","전기·전자","57000","-5500","-8.80","2850600609000"
"290560","파라택시스이더리움","KOSDAQ","IT 서비스","1774","-34","-1.88","39671483020"
"288330","파라택시스코리아","KOSDAQ","제약","735","-35","-4.55","77967896685"
"033540","파라텍","KOSDAQ","기계·장비","1118","13","1.18","58411398058"
"388870","파로스아이바이오","KOSDAQ","일반서비스","10390","-850","-7.56","134508233480"
"043200","파루","KOSDAQ","전기·전자","944","33","3.62","39463273360"
"214450","파마리서치","KOSDAQ","제약","320500","-500","-0.16","3329882184000"
"177830","파버나인","KOSDAQ","전기·전자","2780","-10","-0.36","37513183780"
"037070","파세코","KOSDAQ","전기·전자","8210","20","0.24","164200000000"
"150900","파수","KOSDAQ","IT 서비스","3410","-70","-2.01","39910374020"
"037030","파워넷","KOSDAQ","전기·전자","3925","565","16.82","100138493600"
"047310","파워로직스","KOSDAQ","전기·전자","5010","-290","-5.47","183419882550"
"368770","파이버프로","KOSDAQ","의료·정밀기기","16260","-700","-4.13","534209698500"
"170790","파이오링크","KOSDAQ","전기·전자","8810","-190","-2.11","56360521350"
"049120","파인디앤씨","KOSDAQ","전기·전자","529","-26","-4.68","28041400751"
"038950","파인디지털","KOSDAQ","전기·전자","3230","-45","-1.37","32980770950"
"387570","파인메딕스","KOSDAQ","의료·정밀기기","6940","-50","-0.72","39043746000"
"441270","파인엠텍","KOSDAQ","전기·전자","10650","-340","-3.09","441543621750"
"106240","파인테크닉스","KOSDAQ","전기·전자","2045","15","0.74","46765728715"
"131760","파인텍","KOSDAQ","기계·장비","645","-15","-2.27","28013371035"
"065690","파커스","KOSDAQ","화학","1461","33","2.31","20526072591"
"140860","파크시스템스","KOSDAQ","의료·정밀기기","277500","13000","4.91","1941522367500"
"091700","파트론","KOSDAQ","전기·전자","8360","-40","-0.48","459800000000"
"032800","판타지오","KOSDAQ","오락·문화","314","2","0.64","14430516212"
"318010","팜스빌","KOSDAQ","음식료·담배","3515","40","1.15","27871623070"
"027710","팜스토리","KOSDAQ","음식료·담배","1288","-14","-1.08","143504580800"
"225590","패션플랫폼","KOSDAQ","섬유·의류","861","-15","-1.71","22934209893"
"054300","팬스타엔터프라이즈","KOSDAQ","기계·장비","566","-48","-7.82","65509909740"
"068050","팬엔터테인먼트","KOSDAQ","오락·문화","1587","-29","-1.79","43950498612"
"222110","팬젠","KOSDAQ","제약","4950","-5","-0.10","66796275150"
"271830","팸텍","KOSDAQ","기계·장비","1651","-27","-1.61","48688323502"
"263750","펄어비스","KOSDAQ","IT 서비스","46000","-19600","-29.88","2955401330000"
"251970","펌텍코리아","KOSDAQ","화학","45600","-1250","-2.67","565440000000"
"0015S0","페스카로","KOSDAQ","일반서비스","16430","-870","-5.03","158758653900"
"168360","펨트론","KOSDAQ","기계·장비","22900","50","0.22","487501703600"
"087010","펩트론","KOSDAQ","제약","317500","-10500","-3.20","7403258625000"
"064800","포니링크","KOSDAQ","유통","678","-12","-1.74","86653348044"
"119500","포메탈","KOSDAQ","금속","4005","-200","-4.76","47448164160"
"389140","포바이포","KOSDAQ","오락·문화","9020","-510","-5.35","128713009700"
"105760","포스뱅크","KOSDAQ","기계·장비","5420","-120","-2.17","55134337540"
"009520","포스코엠텍","KOSDAQ","금속","17740","-550","-3.01","738741551220"
"189690","포시에스","KOSDAQ","IT 서비스","1945","3","0.15","53141229705"
"318020","포인트모바일","KOSDAQ","전기·전자","3575","85","2.44","43977047400"
"256630","포인트엔지니어링","KOSDAQ","금속","999","-19","-1.87","57939074928"
"331380","포커스에이아이","KOSDAQ","전기·전자","3005","-80","-2.59","97396524445"
"208710","포톤","KOSDAQ","전기·전자","1932","-14","-0.72","25464015024"
"472850","폰드그룹","KOSDAQ","유통","5280","-240","-4.35","303978322560"
"039980","폴라리스AI","KOSDAQ","IT 서비스","1952","-268","-12.07","142064170752"
"041910","폴라리스AI파마","KOSDAQ","제약","7870","-740","-8.59","106257647090"
"234100","폴라리스세원","KOSDAQ","운송장비·부품","1029","-27","-2.56","73038969486"
"041020","폴라리스오피스","KOSDAQ","IT 서비스","5250","-380","-6.75","261058864500"
"114630","폴라리스우노","KOSDAQ","화학","499","-5","-0.99","43885826452"
"290720","푸드나무","KOSDAQ","유통","2750","140","5.36","96585890500"
"005670","푸드웰","KOSDAQ","음식료·담배","5760","-120","-2.04","57600000000"
"094940","푸른기술","KOSDAQ","전기·전자","9950","-190","-1.87","83195790700"
"007330","푸른저축은행","KOSDAQ","금융","11400","0","0.00","171943920000"
"093380","풍강","KOSDAQ","금속","2615","0","0.00","25834403495"
"023900","풍국주정","KOSDAQ","음식료·담배","9790","80","0.82","123354000000"
"371950","풍원정밀","KOSDAQ","전기·전자","13250","-1600","-10.77","300278761000"
"370090","퓨런티어","KOSDAQ","의료·정밀기기","13360","-260","-1.91","114319248800"
"445180","퓨릿","KOSDAQ","화학","9020","-550","-5.75","155046475760"
"220100","퓨쳐켐","KOSDAQ","제약","21000","-600","-2.78","470975820000"
"035200","프럼파스트","KOSDAQ","화학","3560","-5","-0.14","34640900400"
"334970","프레스티지바이오로직스","KOSDAQ","제약","2445","-45","-1.81","190105197465"
"227100","프로브잇","KOSDAQ","부동산","612","0","0.00","14770119384"
"321260","프로이천","KOSDAQ","전기·전자","1603","-17","-1.05","45191910652"
"053610","프로텍","KOSDAQ","기계·장비","59100","400","0.68","650100000000"
"468530","프로티나","KOSDAQ","일반서비스","81800","-4300","-4.99","894849464000"
"303360","프로티아","KOSDAQ","의료·정밀기기","4835","-150","-3.01","62261334525"
"377220","프롬바이오","KOSDAQ","음식료·담배","1389","-70","-4.80","39322590000"
"335810","프리시젼바이오","KOSDAQ","의료·정밀기기","2170","25","1.17","47630428020"
"053160","프리엠스","KOSDAQ","전기·전자","7550","-150","-1.95","45300000000"
"405000","플라즈맵","KOSDAQ","의료·정밀기기","8010","-330","-3.96","30745936440"
"041590","플래스크","KOSDAQ","건설","2370","0","0.00","116064014460"
"367000","플래티어","KOSDAQ","IT 서비스","3630","-10","-0.27","30449191410"
"075130","플랜티넷","KOSDAQ","IT 서비스","2195","0","0.00","36485992400"
"237820","플레이디","KOSDAQ","일반서비스","4595","-55","-1.18","58940708300"
"023770","플레이위드","KOSDAQ","IT 서비스","2855","-110","-3.71","25542243225"
"019570","플루토스","KOSDAQ","금융","383","-12","-3.04","25932946086"
"300080","플리토","KOSDAQ","IT 서비스","12530","-260","-2.03","206813301030"
"033790","피노","KOSDAQ","전기·전자","4950","-140","-2.75","336784738950"
"032580","피델릭스","KOSDAQ","전기·전자","1082","-8","-0.73","35848893248"
"051380","피씨디렉트","KOSDAQ","유통","2250","-10","-0.44","34515162000"
"241820","피씨엘","KOSDAQ","제약","6040","0","0.00","16803871920"
"452450","피아이이","KOSDAQ","기계·장비","5420","-140","-2.52","194461470000"
"237750","피앤씨테크","KOSDAQ","전기·전자","4970","85","1.74","32288102000"
"460940","피앤에스로보틱스","KOSDAQ","의료·정밀기기","8350","-160","-1.88","110683258000"
"319660","피에스케이","KOSDAQ","기계·장비","82500","5000","6.45","2389753905000"
"031980","피에스케이홀딩스","KOSDAQ","기계·장비","106800","-1400","-1.29","2302863786000"
"002230","피에스텍","KOSDAQ","의료·정밀기기","10340","-200","-1.90","199291298800"
"043370","피에이치에이","KOSDAQ","운송장비·부품","12580","-270","-2.10","264180000000"
"239890","피엔에이치테크","KOSDAQ","화학","4935","30","0.61","49032950925"
"347740","피엔케이피부임상연구센타","KOSDAQ","일반서비스","2035","-65","-3.10","61071522160"
"137400","피엔티","KOSDAQ","기계·장비","46750","-1200","-2.50","1107541534000"
"257370","피엔티엠에스","KOSDAQ","기계·장비","3075","-125","-3.91","38452447575"
"147760","피엠티","KOSDAQ","의료·정밀기기","3885","-5","-0.13","42035179410"
"128660","피제이메탈","KOSDAQ","금속","3200","-50","-1.54","79370780800"
"006140","피제이전자","KOSDAQ","의료·정밀기기","6720","-150","-2.18","100800000000"
"376180","피코그램","KOSDAQ","기타제조","2855","115","4.20","52991763490"
"304840","피플바이오","KOSDAQ","제약","837","-21","-2.45","17768096307"
"087600","픽셀플러스","KOSDAQ","전기·전자","6190","30","0.49","50550994020"
"291810","핀텔","KOSDAQ","IT 서비스","2005","-100","-4.75","22794267560"
"378340","필에너지","KOSDAQ","기계·장비","14280","-470","-3.19","306489954960"
"161580","필옵틱스","KOSDAQ","기계·장비","40100","-1700","-4.07","938450154700"
"347770","핌스","KOSDAQ","전기·전자","1576","-9","-0.57","36022698192"
"163730","핑거","KOSDAQ","IT 서비스","10150","90","0.89","95476665200"
"417180","핑거스토리","KOSDAQ","IT 서비스","1609","-25","-1.53","28235734407"
"469880","하나30호스팩","KOSDAQ","금융","2070","-5","-0.24","15121350000"
"469900","하나31호스팩","KOSDAQ","금융","2080","-10","-0.48","11658400000"
"475240","하나32호스팩","KOSDAQ","금융","2110","0","0.00","6752000000"
"475250","하나33호스팩","KOSDAQ","금융","2110","0","0.00","7807000000"
"484130","하나34호스팩","KOSDAQ","금융","2055","-25","-1.20","9288600000"
"0041L0","하나35호스팩","KOSDAQ","금융","2015","-5","-0.25","12150450000"
"0101C0","하나36호스팩","KOSDAQ","금융","2010","0","0.00","15557400000"
"299030","하나기술","KOSDAQ","기계·장비","26150","-1000","-3.68","209066896500"
"067310","하나마이크론","KOSDAQ","전기·전자","33500","-550","-1.62","2225348921000"
"166090","하나머티리얼즈","KOSDAQ","전기·전자","59100","-2100","-3.43","1168860533400"
"136480","하림","KOSDAQ","음식료·담배","3125","-30","-0.95","331905318750"
"003380","하림지주","KOSDAQ","금융","15100","-660","-4.19","1691284877100"
"450330","하스","KOSDAQ","제약","6340","-110","-1.71","51904584620"
"101670","하이드로리튬","KOSDAQ","금속","1875","-82","-4.19","105934282500"
"365590","하이딥","KOSDAQ","전기·전자","2240","-25","-1.10","69342833280"
"149980","하이로닉","KOSDAQ","의료·정밀기기","5090","0","0.00","107879307670"
"013030","하이록코리아","KOSDAQ","금속","35300","-50","-0.14","415415483200"
"126700","하이비젼시스템","KOSDAQ","의료·정밀기기","18400","-620","-3.26","274934860800"
"160190","하이젠알앤엠","KOSDAQ","전기·전자","53700","-2000","-3.59","1658685600000"
"221840","하이즈항공","KOSDAQ","운송장비·부품","2680","-140","-4.96","50117503480"
"106190","하이텍팜","KOSDAQ","제약","15420","-480","-3.02","163963527660"
"065650","하이퍼코퍼레이션","KOSDAQ","유통","2080","60","2.97","27737249280"
"066130","하츠","KOSDAQ","전기·전자","4265","-45","-1.04","54592000000"
"004590","한국가구","KOSDAQ","유통","4825","50","1.05","72375000000"
"039340","한국경제TV","KOSDAQ","오락·문화","4980","60","1.22","112050000000"
"034950","한국기업평가","KOSDAQ","일반서비스","100700","-100","-0.10","457229759800"
"222980","한국맥널티","KOSDAQ","음식료·담배","2635","-5","-0.19","29067957705"
"256840","한국비엔씨","KOSDAQ","제약","3880","-120","-3.00","265372157680"
"219750","한국비티비","KOSDAQ","의료·정밀기기","936","-1","-0.11","61239564360"
"025550","한국선재","KOSDAQ","금속","3230","-115","-3.44","82410232920"
"017890","한국알콜","KOSDAQ","화학","11320","-310","-2.67","240816087920"
"080720","한국유니온제약","KOSDAQ","제약","2725","0","0.00","21562456300"
"041460","한국전자인증","KOSDAQ","IT 서비스","3870","-20","-0.51","73530000000"
"101680","한국정밀기계","KOSDAQ","기계·장비","2975","245","8.97","25001900000"
"039740","한국정보공학","KOSDAQ","유통","3260","170","5.50","26139974220"
"053300","한국정보인증","KOSDAQ","IT 서비스","5980","-170","-2.76","253799338780"
"025770","한국정보통신","KOSDAQ","통신","7870","-80","-1.01","294686412770"
"458610","한국제12호스팩","KOSDAQ","금융","2090","-5","-0.24","8840700000"
"464440","한국제13호스팩","KOSDAQ","금융","2095","0","0.00","9050400000"
"479880","한국제15호스팩","KOSDAQ","금융","2060","0","0.00","14152200000"
"062970","한국첨단소재","KOSDAQ","전기·전자","2390","0","0.00","55111191640"
"023760","한국캐피탈","KOSDAQ","금융","971","-25","-2.51","306456898296"
"054040","한국컴퓨터","KOSDAQ","전기·전자","5220","-20","-0.38","83892133800"
"021650","한국큐빅","KOSDAQ","화학","2330","10","0.43","38096811790"
"032300","한국파마","KOSDAQ","제약","11950","-250","-2.05","130335076950"
"037230","한국팩키지","KOSDAQ","종이·목재","1862","10","0.54","55488208874"
"448900","한국피아이엠","KOSDAQ","운송장비·부품","118500","9100","8.32","711528154500"
"030520","한글과컴퓨터","KOSDAQ","IT 서비스","20500","-550","-2.61","495684752000"
"052600","한네트","KOSDAQ","통신","3695","300","8.84","42727871500"
"256150","한독크린텍","KOSDAQ","기계·장비","5180","30","0.58","43486100000"
"092460","한라IMS","KOSDAQ","운송장비·부품","15920","-260","-1.61","272386105600"
"125490","한라캐스트","KOSDAQ","운송장비·부품","16260","-380","-2.28","593528243520"
"452190","한빛레이저","KOSDAQ","기계·장비","4155","-150","-3.48","97088044335"
"047080","한빛소프트","KOSDAQ","IT 서비스","1245","0","0.00","30903840690"
"452280","한선엔지니어링","KOSDAQ","금속","15410","-590","-3.69","275328636210"
"066980","한성크린텍","KOSDAQ","일반서비스","1464","2","0.14","76033023000"
"114810","한솔아이원스","KOSDAQ","기계·장비","15600","690","4.63","446053514400"
"070590","한솔인티큐브","KOSDAQ","IT 서비스","2090","40","1.95","29008198890"
"042520","한스바이오메드","KOSDAQ","제약","55700","1200","2.20","794358141900"
"430690","한싹","KOSDAQ","IT 서비스","3780","-30","-0.79","41184336060"
"078350","한양디지텍","KOSDAQ","전기·전자","27000","400","1.50","411598314000"
"045100","한양이엔지","KOSDAQ","일반서비스","29050","-800","-2.68","522900000000"
"320000","한울반도체","KOSDAQ","기계·장비","1660","2","0.12","54609391840"
"091440","한울소재과학","KOSDAQ","전기·전자","2910","70","2.46","90638535330"
"276730","한울앤제주","KOSDAQ","음식료·담배","722","-76","-9.52","15992189534"
"024740","한일단조","KOSDAQ","운송장비·부품","3160","65","2.10","103954674840"
"005860","한일사료","KOSDAQ","음식료·담배","4000","0","0.00","157614740000"
"007770","한일화학","KOSDAQ","화학","7730","-70","-0.90","27132300000"
"198940","한주라이트메탈","KOSDAQ","금속","722","0","0.00","28102390116"
"058450","한주에이알티","KOSDAQ","오락·문화","709","163","29.85","14217922992"
"107640","한중엔시에스","KOSDAQ","전기·전자","51700","-2300","-4.26","468657708200"
"079170","한창산업","KOSDAQ","금속","6480","70","1.09","33696000000"
"054920","한컴위드","KOSDAQ","IT 서비스","4435","-135","-2.95","125142754235"
"457370","한켐","KOSDAQ","화학","8960","-420","-4.48","71923120640"
"002680","한탑","KOSDAQ","음식료·담배","739","-2","-0.27","23882114461"
"098070","한텍","KOSDAQ","기계·장비","44600","2400","5.69","496002888600"
"455310","한화플러스제4호스팩","KOSDAQ","금융","2102","2","0.10","10636120000"
"498390","한화플러스제5호스팩","KOSDAQ","금융","2030","0","0.00","10068800000"
"034810","해성산업","KOSDAQ","금융","7330","-120","-1.61","238641761810"
"03481K","해성산업1우","KOSDAQ","금융","7310","-60","-0.81","10153019820"
"059270","해성에어로보틱스","KOSDAQ","금속","10870","-320","-2.86","121366800130"
"076610","해성옵틱스","KOSDAQ","의료·정밀기기","1450","175","13.73","77104388000"
"220180","핸디소프트","KOSDAQ","IT 서비스","1978","-42","-2.08","47335205476"
"900270","헝셩그룹","KOSDAQ","금융","138","0","0.00","33678491520"
"214180","헥토이노베이션","KOSDAQ","IT 서비스","20900","-350","-1.65","271561370300"
"234340","헥토파이낸셜","KOSDAQ","IT 서비스","38550","1150","3.07","538568788800"
"084990","헬릭스미스","KOSDAQ","일반서비스","5590","-70","-1.24","257658735230"
"187660","현대ADM","KOSDAQ","일반서비스","14390","-1810","-11.17","798159380670"
"170030","현대공업","KOSDAQ","운송장비·부품","5710","-120","-2.06","87591400000"
"319400","현대무벡스","KOSDAQ","기계·장비","29900","-1000","-3.24","3330143566100"
"048410","현대바이오","KOSDAQ","화학","15240","-1430","-8.58","1463664230400"
"052260","현대바이오랜드","KOSDAQ","화학","4030","-40","-0.98","120900000000"
"016790","현대사료","KOSDAQ","음식료·담배","994","0","0.00","187340898626"
"041440","현대에버다임","KOSDAQ","기계·장비","8090","-210","-2.53","144939986960"
"039010","현대에이치티","KOSDAQ","전기·전자","8700","-70","-0.80","75037500000"
"090850","현대이지웰","KOSDAQ","IT 서비스","6260","90","1.46","148652219860"
"460930","현대힘스","KOSDAQ","운송장비·부품","17560","-420","-2.34","623567382760"
"092300","현우산업","KOSDAQ","전기·전자","3165","-5","-0.16","60293047440"
"011080","형지I&C","KOSDAQ","섬유·의류","489","3","0.62","21008722158"
"308100","형지글로벌","KOSDAQ","유통","981","-6","-0.61","23566570848"
"064240","홈캐스트","KOSDAQ","유통","2045","46","2.30","70949743295"
"039610","화성밸브","KOSDAQ","기계·장비","8180","200","2.51","85157072000"
"126640","화신정공","KOSDAQ","운송장비·부품","1499","-25","-1.64","52548809090"
"127980","화인써키트","KOSDAQ","전기·전자","5020","-130","-2.52","59440233680"
"061250","화일약품","KOSDAQ","제약","940","22","2.40","79125296180"
"097870","효성오앤비","KOSDAQ","화학","6420","130","2.07","54505800000"
"290270","휴네시온","KOSDAQ","IT 서비스","3505","25","0.72","33674890360"
"353190","휴럼","KOSDAQ","음식료·담배","671","-5","-0.74","26422919820"
"090710","휴림로봇","KOSDAQ","기계·장비","14330","-560","-3.76","1711821633010"
"078590","휴림에이텍","KOSDAQ","운송장비·부품","912","0","0.00","77462476512"
"205470","휴마시스","KOSDAQ","제약","761","-34","-4.28","98454381849"
"115160","휴맥스","KOSDAQ","전기·전자","652","-18","-2.69","28668520848"
"028080","휴맥스홀딩스","KOSDAQ","IT 서비스","1465","-35","-2.33","18426046290"
"175140","휴먼테크놀로지","KOSDAQ","전기·전자","4120","400","10.75","102770322360"
"200670","휴메딕스","KOSDAQ","제약","35150","-1200","-3.30","394732039500"
"065510","휴비츠","KOSDAQ","의료·정밀기기","8390","-160","-1.87","96366390570"
"263920","휴엠앤씨","KOSDAQ","기타제조","4190","-40","-0.95","41099818940"
"243070","휴온스","KOSDAQ","제약","25900","-450","-1.71","310273323500"
"084110","휴온스글로벌","KOSDAQ","제약","68200","-4100","-5.67","863399178400"
"145020","휴젤","KOSDAQ","제약","262000","-7500","-2.78","3223656646000"
"024060","흥구석유","KOSDAQ","유통","20950","900","4.49","314250000000"
"010240","흥국","KOSDAQ","기계·장비","5220","0","0.00","61105320000"
"189980","흥국에프엔비","KOSDAQ","음식료·담배","1644","-23","-1.38","65986587588"
"037440","희림","KOSDAQ","일반서비스","4050","-5","-0.12","56386023750"
"238490","힘스","KOSDAQ","기계·장비","3100","120","4.03","35067931600"